WaterBody,Counties,List of Aquatic Invasive Species,Year Listed Infested,Lat,Long
Aaron,Douglas,zebra mussel,2020,-95.45,45.93
Adley,Otter Tail,zebra mussel,2016,-95.71,46.41
Agnes,Douglas,zebra mussel,2022,-95.45,45.93
Alexander,Morrison,Eurasian watermilfoil,2004,-94.21,46.07
Alexander,Morrison,zebra mussel,2019,-94.21,46.07
Alice,Washington,Eurasian watermilfoil,2013,-92.88,45.02
Alimagnet,Dakota,Eurasian watermilfoil,2014,-93.03,44.7
Alstead Mine,Crow Wing,zebra mussel,2017,-94.09,46.48
Alvin,Douglas,zebra mussel,2009,-95.45,45.93
Amelia,Anoka,flowering rush,2014,-93.27,45.23
Amelia,Pope,zebra mussel,2018,-95.44,45.6
Amor,Otter Tail,zebra mussel,2019,-95.71,46.41
Anderson's Marsh,Jackson,bighead carp,2012,-95.16,43.67
Anderson's Marsh,Jackson,silver carp,2012,-95.16,43.67
Andrew,Kandiyohi,Eurasian watermilfoil,2019,-95.01,45.15
Andrew,Douglas,zebra mussel,2016,-95.45,45.93
Andrew,Kandiyohi,zebra mussel,2018,-95.01,45.15
Andrusia,Beltrami,zebra mussel,2014,-95.01,47.98
Ann,Carver,brittleleaf naiad,2017,-93.77,44.81
Ann,Carver,Eurasian watermilfoil,1995,-93.77,44.81
Annie Battle,Otter Tail,zebra mussel,2018,-95.71,46.41
Arbor North (NW 1/4 SW 1/4 S23 T119N R22W),Hennepin,Eurasian watermilfoil,2006,-93.47,45.02
Arbor South (S 1/2 SW 1/4 S23 T119N R22W),Hennepin,Eurasian watermilfoil,2006,-93.47,45.02
Arbor West,Hennepin,Eurasian watermilfoil,2006,-93.47,45.02
Arco Mine,Crow Wing,zebra mussel,2017,-94.09,46.48
Armour #2 Mine,Crow Wing,zebra mussel,2020,-94.09,46.48
Armstrong Slough,Murray,zebra mussel,2022,-95.77,44.02
Arrowhead,Hennepin,Eurasian watermilfoil,1996,-93.47,45.02
Arrowhead,Crow Wing,zebra mussel,2014,-94.09,46.48
Artlip,Lake,zebra mussel,2014,-91.41,47.57
Ash River downstream of the northern section line of S8 T68N R19W,St. Louis,spiny waterflea,2007,-92.38,47.5
Auburn,Carver,Eurasian watermilfoil,1995,-93.77,44.81
Augusta,Wright,Eurasian watermilfoil,1995,-93.89,45.2
Bad Axe,Hubbard,Eurasian watermilfoil,2017,-94.92,47.11
Bald Eagle,Ramsey,Eurasian watermilfoil,1995,-93.11,45.01
Bald Eagle,Ramsey,flowering rush,2014,-93.11,45.01
Bald Eagle,Ramsey,zebra mussel,2018,-93.11,45.01
Ball Club,Itasca,zebra mussel,2020,-93.73,47.46
Ballantyne,Blue Earth,Eurasian watermilfoil,2013,-94.07,44.06
Barbour,Crow Wing,zebra mussel,2021,-94.09,46.48
Barrett,Grant,zebra mussel,2018,-96.01,45.93
Bass,Faribault,Eurasian watermilfoil,2019,-93.95,43.68
Bass,Hennepin,Eurasian watermilfoil,1998,-93.47,45.02
Bass,Anoka,flowering rush,2014,-93.27,45.23
Bass,Crow Wing,zebra mussel,2022,-94.09,46.48
Bass,Otter Tail,zebra mussel,2009,-95.71,46.41
Bass (or Ray),Cass,zebra mussel,2010,-94.29,46.88
Basswood,Lake,spiny waterflea,2014,-91.41,47.57
Basswood River between Basswood Lake and Crooked Lake,Lake,spiny waterflea,2014,-91.41,47.57
Baudette River from 500 feet upstream of Highway 11 downstream to the Rainy River ,Lake of the Woods,spiny waterflea,2007,-94.9,48.88
Bavaria,Carver,Eurasian watermilfoil,1995,-93.77,44.81
Baxter,Isanti,Eurasian watermilfoil,2018,-93.26,45.58
Bay,Crow Wing,Eurasian watermilfoil,1995,-94.09,46.48
Bay,Crow Wing,zebra mussel,2018,-94.09,46.48
Bear,Carlton,Eurasian watermilfoil,2015,-92.68,46.59
Beaudry,Sherburne,zebra mussel,2021,-93.83,45.41
Beaver,Ramsey,Eurasian watermilfoil,2005,-93.11,45.01
Becker,Stearns,zebra mussel,2018,-94.59,45.53
Beebe,Wright,Eurasian watermilfoil,1995,-93.89,45.2
Belle,McLeod,Eurasian watermilfoil,2018,-94.26,44.81
Beltrami,Beltrami,starry stonewort,2019,-95.01,47.98
Bemidji (main lake),Beltrami,starry stonewort,2022,-95.01,47.98
Bemidji (main lake),Beltrami,zebra mussel,2018,-95.01,47.98
Benedict,Hubbard,zebra mussel,2017,-94.92,47.11
Bertha,Crow Wing,zebra mussel,2014,-94.09,46.48
Big,Sherburne,Eurasian watermilfoil,2007,-93.83,45.41
Big,Beltrami,zebra mussel,2021,-95.01,47.98
Big,Sherburne,zebra mussel,2020,-93.83,45.41
Big Cormorant,Becker,zebra mussel,2015,-95.68,46.94
Big Fish,Stearns,zebra mussel,2018,-94.59,45.53
Big Fork River from 500 feet upstream of the public water access on Highway 11 downstream to the Rainy River,Koochiching,spiny waterflea,2007,-93.76,48.28
Big Marine,Washington,Eurasian watermilfoil,2005,-92.88,45.02
Big McDonald,Otter Tail,zebra mussel,2019,-95.71,46.41
Big McDonald #2,Otter Tail,zebra mussel,2019,-95.71,46.41
Big Pine,Aitkin,zebra mussel,2018,-93.43,46.66
Big Pine,Crow Wing,zebra mussel,2014,-94.09,46.48
Big Pine,Otter Tail,zebra mussel,2020,-95.71,46.41
Big Rice,Beltrami,zebra mussel,2014,-95.01,47.98
Big Sandy,Aitkin,flowering rush,2009,-93.43,46.66
Big Trout,Crow Wing,zebra mussel,2014,-94.09,46.48
Big Watab,Stearns,zebra mussel,2020,-94.59,45.53
Birch,Ramsey,Eurasian watermilfoil,2006,-93.11,45.01
Birch,Sherburne,Eurasian watermilfoil,2020,-93.83,45.41
Birch,Wright,Eurasian watermilfoil,2019,-93.89,45.2
Bird's Eye,Itasca,zebra mussel,2013,-93.73,47.46
Bishop Creek between North Long and Round (also known as Sugar Bush Creek),Crow Wing,zebra mussel,2015,-94.09,46.48
Bishop Creek between Round and Gull,Crow Wing,zebra mussel,2010,-94.09,46.48
Black Bear,Crow Wing,zebra mussel,2006,-94.09,46.48
Black River the south branch downstream of Highway 11 and the west branch downstream of Highway 147,Koochiching,spiny waterflea,2007,-93.76,48.28
Black River the south branch downstream of Highway 11 and the west branch downstream of Highway 147,Koochiching,spiny waterflea,2007,-93.76,48.28
Blackduck,Beltrami,faucet snail,2018,-95.01,47.98
Blackhawk,Dakota,Eurasian watermilfoil,2017,-93.03,44.7
Blacks,Sherburne,zebra mussel,2021,-93.83,45.41
Blackwater,Itasca,faucet snail,2016,-93.73,47.46
Blackwell,Douglas,zebra mussel,2021,-95.45,45.93
Blanche,Otter Tail,zebra mussel,2018,-95.71,46.41
Bloody,Murray,zebra mussel,2022,-95.77,44.02
Blueberry,Wadena,faucet snail,2018,-94.95,46.59
Bolfing,Stearns,zebra mussel,2017,-94.59,45.53
Bone,Washington,Eurasian watermilfoil,2007,-92.88,45.02
Bone,Washington,zebra mussel,2019,-92.88,45.02
Boom,Crow Wing,zebra mussel,2006,-94.09,46.48
Bottle,St. Louis,spiny waterflea,2014,-92.38,47.5
Bottle River between Bottle Lake and Lac La Croix,St. Louis,spiny waterflea,2014,-92.38,47.5
Boulder,Hubbard,faucet snail,2020,-94.92,47.11
Bowen,Cass,starry stonewort,2022,-94.29,46.88
Bowstring,Itasca,faucet snail,2015,-93.73,47.46
Bowstring,Itasca,zebra mussel,2020,-93.73,47.46
Bowstring River from Sand downstream to Rice ,Itasca,zebra mussel,2013,-93.73,47.46
Breckenridge,Wilkin,zebra mussel,2013,-96.52,46.33
Bridge,Dakota,Eurasian watermilfoil,2016,-93.03,44.7
Brophy ,Douglas,zebra mussel,2011,-95.45,45.93
Brown,Otter Tail,zebra mussel,2019,-95.71,46.41
Brownie,Hennepin,Eurasian watermilfoil,1995,-93.47,45.02
Bryant,Hennepin,brittleleaf naiad,2020,-93.47,45.02
Bryant,Hennepin,Eurasian watermilfoil,1995,-93.47,45.02
Bryant,Hennepin,zebra mussel,2015,-93.47,45.02
Buchanan,Otter Tail,zebra mussel,2022,-95.71,46.41
Buck,Becker,flowering rush,2009,-95.68,46.94
Buck,Becker,zebra mussel,2012,-95.68,46.94
Buck,Beltrami,zebra mussel,2014,-95.01,47.98
Bucks Mill Pond,Becker,zebra mussel,2014,-95.68,46.94
Buffalo,Wright,Eurasian watermilfoil,1999,-93.89,45.2
Buffalo,Wright,zebra mussel,2022,-93.89,45.2
Burandt,Carver,Eurasian watermilfoil,2004,-93.77,44.81
Burandt,Carver,zebra mussel,2017,-93.77,44.81
Burgen,Douglas,zebra mussel,2017,-95.45,45.93
Burntside,St. Louis,spiny waterflea,2010,-92.38,47.5
Burntside River between Burntside and Shagawa,St. Louis,spiny waterflea,2010,-92.38,47.5
Bush,Hennepin,Eurasian watermilfoil,1995,-93.47,45.02
Byllesby,Dakota,flowering rush,2016,-93.03,44.7
Calhoun,Hennepin,Eurasian watermilfoil,1995,-93.47,45.02
Calhoun,Kandiyohi,Eurasian watermilfoil,2010,-95.01,45.15
Calhoun,Hennepin,zebra mussel,2018,-93.47,45.02
Calhoun,Kandiyohi,zebra mussel,2014,-95.01,45.15
Camp,Wright,Eurasian watermilfoil,2013,-93.89,45.2
Camp Galilee,Washington,Eurasian watermilfoil,2007,-92.88,45.02
Canisteo Pit,Itasca,zebra mussel,2022,-93.73,47.46
Cannon,Rice,flowering rush,2007,-93.28,44.37
Caribou (in the Boundary Waters Canoe Area just west of Pine),Cook,spiny waterflea,2007,-90.27,47.73
Carlos,Douglas,Eurasian watermilfoil,2012,-95.45,45.93
Carlos,Douglas,zebra mussel,2009,-95.45,45.93
Carnelian,Stearns,starry stonewort,2020,-94.59,45.53
Caroline,Wright,Eurasian watermilfoil,2009,-93.89,45.2
Carr,Beltrami,zebra mussel,2018,-95.01,47.98
Cass,Beltrami,starry stonewort,2016,-95.01,47.98
Cass,Beltrami,zebra mussel,2014,-95.01,47.98
Cate's,Scott,Eurasian watermilfoil,2007,-93.6,44.68
Cedar,Hennepin,Eurasian watermilfoil,1995,-93.47,45.02
Cedar,McLeod,Eurasian watermilfoil,2013,-94.26,44.81
Cedar,Rice,Eurasian watermilfoil,2001,-93.28,44.37
Cedar,Wright,Eurasian watermilfoil,2010,-93.89,45.2
Cedar,Aitkin,zebra mussel,2021,-93.43,46.66
Cedar,Wright,zebra mussel,2017,-93.89,45.2
Cedar Island,Stearns,zebra mussel,2018,-94.59,45.53
Cenaiko,Anoka,Eurasian watermilfoil,1995,-93.27,45.23
Centerville,Anoka,Eurasian watermilfoil,1999,-93.27,45.23
Charley,Douglas,zebra mussel,2014,-95.45,45.93
Charley,Ramsey,zebra mussel,2007,-93.11,45.01
Charlotte,Wright,Eurasian watermilfoil,2014,-93.89,45.2
Chippewa,Douglas,zebra mussel,2017,-95.45,45.93
Chisago,Chisago,Eurasian watermilfoil,2010,-92.89,45.51
Christmas,Hennepin,Eurasian watermilfoil,1995,-93.47,45.02
Christmas,Hennepin,zebra mussel,2014,-93.47,45.02
Chub,Carlton,Eurasian watermilfoil,2009,-92.68,46.59
Circle,Rice,Eurasian watermilfoil,2011,-93.28,44.37
Clamshell,Crow Wing,zebra mussel,2014,-94.09,46.48
Clark,Crow Wing,zebra mussel,2017,-94.09,46.48
Clear,Jackson,bighead carp,2012,-95.16,43.67
Clear,Meeker,Eurasian watermilfoil,2014,-94.51,45.11
Clear,Waseca,Eurasian watermilfoil,2006,-93.59,44.02
Clear,Washington,Eurasian watermilfoil,2007,-92.88,45.02
Clear,Jackson,silver carp,2012,-95.16,43.67
Clear,Crow Wing,zebra mussel,2022,-94.09,46.48
Clearwater,Crow Wing,Eurasian watermilfoil,2011,-94.09,46.48
Clearwater,Wright,Eurasian watermilfoil,1995,-93.89,45.2
Clearwater River downstream of Clearwater including 500 feet upstream into its tributaries,Wright,Eurasian watermilfoil,1999,-93.89,45.2
Clinker,Crow Wing,zebra mussel,2022,-94.09,46.48
Clitherall,Otter Tail,zebra mussel,2021,-95.71,46.41
Cloquet River from Island Lake to the St. Louis River,St. Louis,spiny waterflea,1995,-92.38,47.5
Cobblestone,Dakota,Eurasian watermilfoil,2012,-93.03,44.7
Colby,Washington,Eurasian watermilfoil,2012,-92.88,45.02
Comfort,Chisago,Eurasian watermilfoil,2014,-92.89,45.51
Comfort,Chisago,zebra mussel,2017,-92.89,45.51
Constance,Wright,Eurasian watermilfoil,2016,-93.89,45.2
Coon,Anoka,Eurasian watermilfoil,2004,-93.27,45.23
Coon-Sandwick,Itasca,Eurasian watermilfoil,2014,-93.73,47.46
County ditches connected to designated infested waters in Jackson County,Jackson,bighead carp,2012,-95.16,43.67
County ditches connected to designated infested waters in Jackson County,Jackson,bighead carp,2012,-95.16,43.67
County ditches connected to designated infested waters in Jackson County,Jackson,silver carp,2012,-95.16,43.67
County ditches connected to designated infested waters in Jackson County,Jackson,silver carp,2012,-95.16,43.67
Courthouse,Carver,Eurasian watermilfoil,2016,-93.77,44.81
Cowdry (Cowdrey),Douglas,zebra mussel,2011,-95.45,45.93
Crane,St. Louis,spiny waterflea,2007,-92.38,47.5
Crooked,Anoka,Eurasian watermilfoil,1995,-93.27,45.23
Crooked,Crow Wing,Eurasian watermilfoil,2018,-94.09,46.48
Crooked,Lake,spiny waterflea,2014,-91.41,47.57
Crooked,Douglas,zebra mussel,2022,-95.45,45.93
Crooked,Lake,zebra mussel,2014,-91.41,47.57
Crookneck,Morrison,Eurasian watermilfoil,2018,-94.21,46.07
Crookneck,Morrison,zebra mussel,2018,-94.21,46.07
Cross,Pine,Eurasian watermilfoil,2005,-92.72,46.07
Cross,Crow Wing,zebra mussel,2014,-94.09,46.48
Crystal,Dakota,Eurasian watermilfoil,1995,-93.03,44.7
Crystal,Otter Tail,zebra mussel,2009,-95.71,46.41
Curfman (Deadshot Bay),Becker,flowering rush,2007,-95.68,46.94
Cut Foot Sioux,Itasca,faucet snail,2009,-93.73,47.46
Cut Foot Sioux,Itasca,zebra mussel,2013,-93.73,47.46
Dade,Cass,zebra mussel,2020,-94.29,46.88
Daggett,Crow Wing,zebra mussel,2014,-94.09,46.48
Darling,Douglas,zebra mussel,2009,-95.45,45.93
Davies,Otter Tail,zebra mussel,2019,-95.71,46.41
Dayton Hollow Reservoir,Otter Tail,zebra mussel,2013,-95.71,46.41
Dead,Otter Tail,zebra mussel,2019,-95.71,46.41
Dead River,St. Louis,spiny waterflea,2010,-92.38,47.5
Deer,Wright,Eurasian watermilfoil,2000,-93.89,45.2
Deer,Otter Tail,zebra mussel,2017,-95.71,46.41
Deer,Wright,zebra mussel,2023,-93.89,45.2
DeMontreville,Washington,Eurasian watermilfoil,2009,-92.88,45.02
Detroit,Becker,flowering rush,2007,-95.68,46.94
Detroit,Becker,zebra mussel,2016,-95.68,46.94
Devil Track,Cook,spiny waterflea,2008,-90.27,47.73
Devilfish,Cook,spiny waterflea,2016,-90.27,47.73
Devils,Douglas,zebra mussel,2017,-95.45,45.93
Dora,Itasca,zebra mussel,2017,-93.73,47.46
Duck,Hennepin,Eurasian watermilfoil,2020,-93.47,45.02
Duck,Hubbard,faucet snail,2019,-94.92,47.11
Dutch,Hennepin,Eurasian watermilfoil,1995,-93.47,45.02
Dutch,Wright,Eurasian watermilfoil,2016,-93.89,45.2
Eagle,Carver,Eurasian watermilfoil,2001,-93.77,44.81
Eagle,Sherburne,Eurasian watermilfoil,2006,-93.83,45.41
Eagle,Becker,zebra mussel,2021,-95.68,46.94
Eagle,Kandiyohi,zebra mussel,2018,-95.01,45.15
Eagle,Otter Tail,zebra mussel,2019,-95.71,46.41
Eagle,Stearns,zebra mussel,2019,-94.59,45.53
Eagle (includes North and South Eagle),Blue Earth,Eurasian watermilfoil,2015,-94.07,44.06
Eagle (includes Pike),Hennepin,Eurasian watermilfoil,1995,-93.47,45.02
Earley,Dakota,Eurasian watermilfoil,2006,-93.03,44.7
East Battle,Otter Tail,zebra mussel,2019,-95.71,46.41
East Jefferson,Le Sueur,Eurasian watermilfoil,2004,-93.78,44.37
East Lake Sylvia,Wright,zebra mussel,2016,-93.89,45.2
East Loon,Otter Tail,zebra mussel,2018,-95.71,46.41
East Lost,Otter Tail,zebra mussel,2017,-95.71,46.41
East Mahnomen,Crow Wing,zebra mussel,2021,-94.09,46.48
East Red River,Otter Tail,zebra mussel,2017,-95.71,46.41
East Silent,Otter Tail,zebra mussel,2018,-95.71,46.41
East Spirit,Otter Tail,zebra mussel,2016,-95.71,46.41
East Sylvia (was Twin),Wright,Eurasian watermilfoil,2008,-93.89,45.2
East Twin,St. Louis,spiny waterflea,2010,-92.38,47.5
Edina,Hennepin,Eurasian watermilfoil,2017,-93.47,45.02
Edina Mill Pond,Hennepin,zebra mussel,2010,-93.47,45.02
Edward,Crow Wing,zebra mussel,2017,-94.09,46.48
Egg,Itasca,faucet snail,2009,-93.73,47.46
Egg,Itasca,zebra mussel,2013,-93.73,47.46
Elk,Sherburne,Eurasian watermilfoil,2020,-93.83,45.41
Elk,Grant,zebra mussel,2017,-96.01,45.93
Elkhorn,Kandiyohi,Eurasian watermilfoil,2017,-95.01,45.15
Elkhorn,Kandiyohi,zebra mussel,2018,-95.01,45.15
Ellen,Chisago,Eurasian watermilfoil,1999,-92.89,45.51
Ellingson,Grant,zebra mussel,2022,-96.01,45.93
Elmo,Washington,Eurasian watermilfoil,2006,-92.88,45.02
Ely,St. Louis,zebra mussel,2021,-92.38,47.5
Emily,Crow Wing,Eurasian watermilfoil,2014,-94.09,46.48
Emily,Pope,Eurasian watermilfoil,2014,-95.44,45.6
Emily,Pope,zebra mussel,2012,-95.44,45.6
Emma,Wright,Eurasian watermilfoil,2007,-93.89,45.2
Erie,Meeker,Eurasian watermilfoil,2014,-94.51,45.11
Eunice,Becker,zebra mussel,2015,-95.68,46.94
Faille,Todd,zebra mussel,2016,-94.9,46.07
Fall,Lake,spiny waterflea,2014,-91.41,47.57
Fannie,Isanti,Eurasian watermilfoil,2019,-93.26,45.58
Farm Island,Aitkin,zebra mussel,2020,-93.43,46.66
Firemen?s,Carver,Eurasian watermilfoil,1997,-93.77,44.81
First Crow Wing,Hubbard,faucet snail,2011,-94.92,47.11
First River Lake,Itasca,faucet snail,2009,-93.73,47.46
First River Lake,Itasca,zebra mussel,2013,-93.73,47.46
Fish,Chisago,Eurasian watermilfoil,2007,-92.89,45.51
Fish,Dakota,Eurasian watermilfoil,2009,-93.03,44.7
Fish,Hennepin,Eurasian watermilfoil,1995,-93.47,45.02
Fish,Wright,Eurasian watermilfoil,2004,-93.89,45.2
Fish,St. Louis,spiny waterflea,1995,-92.38,47.5
Fish,Hennepin,zebra mussel,2022,-93.47,45.02
Fish,Otter Tail,zebra mussel,2009,-95.71,46.41
Fish,Wright,zebra mussel,2006,-93.89,45.2
Fish Trap,Morrison,zebra mussel,2015,-94.21,46.07
Florida,Kandiyohi,Eurasian watermilfoil,2009,-95.01,45.15
Florida,Kandiyohi,zebra mussel,2016,-95.01,45.15
Flour,Cook,spiny waterflea,2005,-90.27,47.73
Floyd,Becker,zebra mussel,2018,-95.68,46.94
Forest,Hennepin,Eurasian watermilfoil,1995,-93.47,45.02
Forest,Washington,Eurasian watermilfoil,2015,-92.88,45.02
Forest,Washington,flowering rush,2007,-92.88,45.02
Forest,Hennepin,zebra mussel,2012,-93.47,45.02
Forest,Washington,zebra mussel,2015,-92.88,45.02
Fourth Crow Wing,Hubbard,faucet snail,2019,-94.92,47.11
Fox,Rice,Eurasian watermilfoil,2009,-93.28,44.37
Frances,Le Sueur,Eurasian watermilfoil,2017,-93.78,44.37
Francis,Meeker,zebra mussel,2021,-94.51,45.11
Franklin,Otter Tail,zebra mussel,2016,-95.71,46.41
Fredrickson Slough,Sherburne,Eurasian watermilfoil,2018,-93.83,45.41
Fremont,Murray,zebra mussel,2022,-95.77,44.02
French,Aitkin,Eurasian watermilfoil,2019,-93.43,46.66
French,Rice,Eurasian watermilfoil,2009,-93.28,44.37
French,Wright,Eurasian watermilfoil,2002,-93.89,45.2
Galpin,Hennepin,Eurasian watermilfoil,2001,-93.47,45.02
Games,Kandiyohi,Eurasian watermilfoil,2014,-95.01,45.15
Games,Kandiyohi,zebra mussel,2018,-95.01,45.15
Garfield,Hubbard,zebra mussel,2017,-94.92,47.11
Geneva,Douglas,Eurasian watermilfoil,2022,-95.45,45.93
Geneva,Douglas,zebra mussel,2009,-95.45,45.93
George,Anoka,Eurasian watermilfoil,1998,-93.27,45.23
George,Olmsted,Eurasian watermilfoil,1995,-92.38,44.02
George,Hubbard,faucet snail,2018,-94.92,47.11
George,Mahnomen,faucet snail,2022,-95.81,47.32
George,Kandiyohi,zebra mussel,2017,-95.01,45.15
George Watch,Anoka,Eurasian watermilfoil,2016,-93.27,45.23
German,Le Sueur,Eurasian watermilfoil,2004,-93.78,44.37
Gervais,Ramsey,Eurasian watermilfoil,1995,-93.11,45.01
Gervais Mill Pond,Ramsey,Eurasian watermilfoil,2014,-93.11,45.01
Gilbert,Crow Wing,zebra mussel,2014,-94.09,46.48
Gilbert Pit,St. Louis,Eurasian watermilfoil,1999,-92.38,47.5
Gilbert Pit (Ore-be-gone),St. Louis,zebra mussel,2013,-92.38,47.5
Gilchrist,Pope,Eurasian watermilfoil,1997,-95.44,45.6
Gilchrist,Pope,zebra mussel,2019,-95.44,45.6
Girl,Cass,Eurasian watermilfoil,2017,-94.29,46.88
Girl,Cass,zebra mussel,2021,-94.29,46.88
Goodview,Winona,Eurasian watermilfoil,2012,-91.78,44.02
Goodview,Winona,zebra mussel,2018,-91.78,44.02
Goose,Chisago,Eurasian watermilfoil,2016,-92.89,45.51
Goose,Washington,Eurasian watermilfoil,2018,-92.88,45.02
Goose,Wright,Eurasian watermilfoil,2000,-93.89,45.2
Goose,Wright,zebra mussel,2023,-93.89,45.2
Grand,Stearns,starry stonewort,2017,-94.59,45.53
Grand,Stearns,zebra mussel,2022,-94.59,45.53
Granite,Wright,Eurasian watermilfoil,2010,-93.89,45.2
Granite,Wright,flowering rush,2018,-93.89,45.2
Grants,Douglas,flowering rush,2019,-95.45,45.93
Grants,Douglas,zebra mussel,2019,-95.45,45.93
Gray's Bay Outlet (wetland),Hennepin,zebra mussel,2010,-93.47,45.02
Great Northern,Stearns,zebra mussel,2018,-94.59,45.53
Green,Chisago,Eurasian watermilfoil,1995,-92.89,45.51
Green,Isanti,Eurasian watermilfoil,2000,-93.26,45.58
Green,Kandiyohi,Eurasian watermilfoil,2000,-95.01,45.15
Green,Kandiyohi,zebra mussel,2014,-95.01,45.15
Green's,Cass,zebra mussel,2010,-94.29,46.88
Greenwood,Cook,spiny waterflea,2005,-90.27,47.73
Grill Lake,Douglas,zebra mussel,2014,-95.45,45.93
Grovers,Jackson,bighead carp,2012,-95.16,43.67
Grovers,Jackson,silver carp,2012,-95.16,43.67
Guernsey,Todd,zebra mussel,2016,-94.9,46.07
Gull,Cass,zebra mussel,2010,-94.29,46.88
Gull,Cass,zebra mussel,2010,-94.29,46.88
Gull River,Cass,zebra mussel,2010,-94.29,46.88
Gunflint,Cook,spiny waterflea,2007,-90.27,47.73
Hale,Itasca,Eurasian watermilfoil,2014,-93.73,47.46
Half-Moon,Crow Wing,zebra mussel,2006,-94.09,46.48
Ham ,Anoka,Eurasian watermilfoil,2014,-93.27,45.23
Hand,Cass,zebra mussel,2019,-94.29,46.88
Hanks,Crow Wing,Eurasian watermilfoil,2019,-94.09,46.48
Harriet,Hennepin,Eurasian watermilfoil,1995,-93.47,45.02
Harriet,Hennepin,zebra mussel,2017,-93.47,45.02
Hart,Itasca,flowering rush,2007,-93.73,47.46
Henchien,Kandiyohi,zebra mussel,2018,-95.01,45.15
Henderson,Kandiyohi,Eurasian watermilfoil,2018,-95.01,45.15
Henderson,Kandiyohi,zebra mussel,2021,-95.01,45.15
Henry,Douglas,zebra mussel,2022,-95.45,45.93
Hiawatha,Hennepin,Eurasian watermilfoil,1995,-93.47,45.02
Hiawatha  ,Hennepin,zebra mussel,2010,-93.47,45.02
Highland,Itasca,flowering rush,2021,-93.73,47.46
Holland,Dakota,Eurasian watermilfoil,2009,-93.03,44.7
Holman,Itasca,flowering rush,2009,-93.73,47.46
Holt,Crow Wing,zebra mussel,2021,-94.09,46.48
Hooper Creek from 500 feet upstream of State Highway 172 downstream to the Rainy River,Lake of the Woods,spiny waterflea,2007,-94.9,48.88
Hoot,Otter Tail,zebra mussel,2017,-95.71,46.41
Horseshoe,St. Louis,Eurasian watermilfoil,2000,-92.38,47.5
Horseshoe,Stearns,Eurasian watermilfoil,2021,-94.59,45.53
Horseshoe,Washington,Eurasian watermilfoil,2013,-92.88,45.02
Horseshoe,Le Sueur,flowering rush,2014,-93.78,44.37
Horseshoe,Crow Wing,zebra mussel,2021,-94.09,46.48
Horseshoe,Stearns,zebra mussel,2018,-94.59,45.53
Houghtaling Creek downstream of the mouth of the unnamed creek draining Artlip Lake,Lake,zebra mussel,2014,-91.41,47.57
Howard,Wright,Eurasian watermilfoil,2004,-93.89,45.2
Hubert,Crow Wing,zebra mussel,2016,-94.09,46.48
Hunt,Rice,Eurasian watermilfoil,2015,-93.28,44.37
Huntington Mine,Crow Wing,zebra mussel,2016,-94.09,46.48
Husen Marsh,Jackson,bighead carp,2012,-95.16,43.67
Husen Marsh,Jackson,silver carp,2012,-95.16,43.67
Hydes,Carver,Eurasian watermilfoil,2014,-93.77,44.81
Ice,Itasca,Eurasian watermilfoil,1999,-93.73,47.46
Ida,Becker,zebra mussel,2015,-95.68,46.94
Ida,Douglas,zebra mussel,2013,-95.45,45.93
Illinois,Jackson,bighead carp,2012,-95.16,43.67
Illinois,Jackson,silver carp,2012,-95.16,43.67
Independence,Hennepin,Eurasian watermilfoil,1995,-93.47,45.02
Independence,Hennepin,zebra mussel,2014,-93.47,45.02
Indian,Nobles,bighead carp,2012,-95.75,43.68
Indian,Douglas,Eurasian watermilfoil,2018,-95.45,45.93
Indian,Wright,Eurasian watermilfoil,2004,-93.89,45.2
Indian,Nobles,silver carp,2012,-95.75,43.68
Indian,Otter Tail,zebra mussel,2019,-95.71,46.41
Irene,Douglas,zebra mussel,2012,-95.45,45.93
Iron,St. Louis,spiny waterflea,2014,-92.38,47.5
Irving,Beltrami,zebra mussel,2018,-95.01,47.98
Isabelle,Dakota,zebra mussel,2018,-93.03,44.7
Island,Anoka,Eurasian watermilfoil,2022,-93.27,45.23
Island,Ramsey,Eurasian watermilfoil,1995,-93.11,45.01
Island,St. Louis,spiny waterflea,1995,-92.38,47.5
Island,Crow Wing,zebra mussel,2014,-94.09,46.48
Jane,Washington,Eurasian watermilfoil,2012,-92.88,45.02
Jay Gould,Itasca,zebra mussel,2019,-93.73,47.46
Jefferson,Le Sueur,Eurasian watermilfoil,2015,-93.78,44.37
Jefferson,Le Sueur,Eurasian watermilfoil,2015,-93.78,44.37
Jefferson,Le Sueur,Eurasian watermilfoil,2015,-93.78,44.37
Jefferson,Le Sueur,Eurasian watermilfoil,2015,-93.78,44.37
Jessie,Douglas,zebra mussel,2009,-95.45,45.93
Jewett,Otter Tail,zebra mussel,2018,-95.71,46.41
Johanna,Ramsey,Eurasian watermilfoil,2016,-93.11,45.01
Johanna,Ramsey,zebra mussel,2018,-93.11,45.01
John,Wright,Eurasian watermilfoil,2011,-93.89,45.2
John,Wright,zebra mussel,2015,-93.89,45.2
Johnson Creek from the Rainy River upstream to 500 feet beyond the first road crossing,Lake of the Woods,spiny waterflea,2007,-94.9,48.88
Jolly Ann,Otter Tail,zebra mussel,2020,-95.71,46.41
Jonathan,Carver,Eurasian watermilfoil,2016,-93.77,44.81
Josephine,Ramsey,Eurasian watermilfoil,2013,-93.11,45.01
Judicial Ditch No. 35 from S14 T102N R36W to Rush,Jackson,bighead carp,2012,-95.16,43.67
Judicial Ditch No. 35 from S14 T102N R36W to Rush,Jackson,silver carp,2012,-95.16,43.67
Judicial Ditch No. 8 between Clear and Loon,Jackson,bighead carp,2012,-95.16,43.67
Judicial Ditch No. 8 between Clear and Loon,Jackson,silver carp,2012,-95.16,43.67
Judicial ditches connected to designated infested waters in Jackson County,Jackson,bighead carp,2012,-95.16,43.67
Judicial ditches connected to designated infested waters in Jackson County,Jackson,bighead carp,2012,-95.16,43.67
Judicial ditches connected to designated infested waters in Jackson County,Jackson,silver carp,2012,-95.16,43.67
Judicial ditches connected to designated infested waters in Jackson County,Jackson,silver carp,2012,-95.16,43.67
Juergens,Todd,zebra mussel,2017,-94.9,46.07
Kabetogama,St. Louis,spiny waterflea,2007,-92.38,47.5
Keller,Dakota,Eurasian watermilfoil,2006,-93.03,44.7
Keller,Ramsey,Eurasian watermilfoil,1995,-93.11,45.01
Kelser's Pond,Carver,Eurasian watermilfoil,2009,-93.77,44.81
Kerbs,Otter Tail,zebra mussel,2013,-95.71,46.41
Kimball,Crow Wing,Eurasian watermilfoil,2007,-94.09,46.48
Kimball,Crow Wing,zebra mussel,2016,-94.09,46.48
Kitchi,Beltrami,zebra mussel,2014,-95.01,47.98
Knaus,Stearns,zebra mussel,2017,-94.59,45.53
Knife,Kanabec,Eurasian watermilfoil,1995,-93.29,45.94
Knife,Kanabec,faucet snail,2016,-93.29,45.94
Kohlmans,Ramsey,Eurasian watermilfoil,2000,-93.11,45.01
Koronis,Stearns,zebra mussel,2022,-94.59,45.53
Koronis (includes Mud),Stearns,starry stonewort,2015,-94.59,45.53
Koronis (main lake),Stearns,starry stonewort,2015,-94.59,45.53
Krays,Stearns,zebra mussel,2017,-94.59,45.53
Kroon,Chisago,Eurasian watermilfoil,2021,-92.89,45.51
Lac La Croix,St. Louis,spiny waterflea,2009,-92.38,47.5
Lac Lavon,Dakota,brittleleaf naiad,2007,-93.03,44.7
Lac Lavon,Dakota,Eurasian watermilfoil,1995,-93.03,44.7
Lake of the Isles,Hennepin,Eurasian watermilfoil,2007,-93.47,45.02
Lake of the Woods,Lake of the Woods,spiny waterflea,2007,-94.9,48.88
Lake of the Woods,Lake of the Woods,spiny waterflea,2007,-94.9,48.88
Lake of the Woods,Lake of the Woods,spiny waterflea,2007,-94.9,48.88
Lake of the Woods,Lake of the Woods,zebra mussel,2019,-94.9,48.88
Lakewood Cemetery,Hennepin,Eurasian watermilfoil,2007,-93.47,45.02
Langdon,Hennepin,Eurasian watermilfoil,2019,-93.47,45.02
Langton,Ramsey,Eurasian watermilfoil,2008,-93.11,45.01
Latoka,Douglas,zebra mussel,2014,-95.45,45.93
Le Homme Dieu,Douglas,Eurasian watermilfoil,2012,-95.45,45.93
Le Homme Dieu,Douglas,zebra mussel,2009,-95.45,45.93
Leech,Cass,Eurasian watermilfoil,2005,-94.29,46.88
Leech,Cass,starry stonewort,2021,-94.29,46.88
Leech,Cass,zebra mussel,2016,-94.29,46.88
Leech Lake River between Mud Lake and Mississippi River,Cass,faucet snail,2010,-94.29,46.88
Leek,Otter Tail,zebra mussel,2021,-95.71,46.41
Leif,Becker,zebra mussel,2021,-95.68,46.94
Leven,Pope,zebra mussel,2021,-95.44,45.6
Libbs,Hennepin,Eurasian watermilfoil,1995,-93.47,45.02
Libbs,Hennepin,zebra mussel,2012,-93.47,45.02
Lida (North and South),Otter Tail,zebra mussel,2014,-95.71,46.41
Lida (North and South),Otter Tail,zebra mussel,2014,-95.71,46.41
Limestone,Wright,zebra mussel,2022,-93.89,45.2
Linn,Chisago,Eurasian watermilfoil,2022,-92.89,45.51
Linwood,Anoka,Eurasian watermilfoil,2014,-93.27,45.23
Little,Chisago,Eurasian watermilfoil,2022,-92.89,45.51
Little Birch,Todd,Eurasian watermilfoil,2004,-94.9,46.07
Little Birch,Todd,zebra mussel,2016,-94.9,46.07
Little Chippewa,Douglas,zebra mussel,2017,-95.45,45.93
Little Comfort,Chisago,Eurasian watermilfoil,2021,-92.89,45.51
Little Comfort,Chisago,zebra mussel,2017,-92.89,45.51
Little Cut Foot,Itasca,faucet snail,2009,-93.73,47.46
Little Cut Foot,Itasca,zebra mussel,2013,-93.73,47.46
Little Elk,Sherburne,Eurasian watermilfoil,2004,-93.83,45.41
Little Fork River from 100 feet upstream of Highway 11 downstream to the Rainy River,Koochiching,spiny waterflea,2007,-93.76,48.28
Little Hanging Horn,Carlton,Eurasian watermilfoil,2016,-92.68,46.59
Little Horseshoe,Chisago,Eurasian watermilfoil,2015,-92.89,45.51
Little Jay Gould,Itasca,zebra mussel,2019,-93.73,47.46
Little John ,Cook,spiny waterflea,2009,-90.27,47.73
Little Long,Hennepin,Eurasian watermilfoil,1995,-93.47,45.02
Little Mary,Wright,Eurasian watermilfoil,2007,-93.89,45.2
Little McDonald,Otter Tail,zebra mussel,2013,-95.71,46.41
Little Mud,Meeker,Eurasian watermilfoil,2009,-94.51,45.11
Little Osakis,Todd,zebra mussel,2016,-94.9,46.07
Little Pelican,Otter Tail,flowering rush,2021,-95.71,46.41
Little Pelican,Otter Tail,zebra mussel,2009,-95.71,46.41
Little Pine,Aitkin,zebra mussel,2020,-93.43,46.66
Little Pine,Crow Wing,zebra mussel,2014,-94.09,46.48
Little Pine,Otter Tail,zebra mussel,2020,-95.71,46.41
Little Rabbit,Crow Wing,zebra mussel,2006,-94.09,46.48
Little Red Sand,Cass,zebra mussel,2020,-94.29,46.88
Little Rice,Beltrami,zebra mussel,2014,-95.01,47.98
Little Rock,Benton,zebra mussel,2006,-94.06,45.69
Little Rock Lake Channel,Benton,zebra mussel,2006,-94.06,45.69
Little Rose,Otter Tail,zebra mussel,2021,-95.71,46.41
Little Sand,Itasca,zebra mussel,2013,-93.73,47.46
Little Sauk,Todd,zebra mussel,2017,-94.9,46.07
Little Sioux River and its tributaries,Jackson,bighead carp,2012,-95.16,43.67
Little Sioux River and its tributaries,Jackson,silver carp,2012,-95.16,43.67
Little Spirit,Jackson,bighead carp,2012,-95.16,43.67
Little Spirit,Jackson,silver carp,2012,-95.16,43.67
Little Vermilion,St. Louis,spiny waterflea,2007,-92.38,47.5
Little Waverly,Wright,Eurasian watermilfoil,1995,-93.89,45.2
Little Waverly,Wright,zebra mussel,2021,-93.89,45.2
Little Winnibigoshish,Itasca,faucet snail,2010,-93.73,47.46
Little Winnibigoshish,Itasca,zebra mussel,2013,-93.73,47.46
Lizzie,Otter Tail,zebra mussel,2009,-95.71,46.41
Lizzie,Otter Tail,zebra mussel,2009,-95.71,46.41
Lobster,Douglas,zebra mussel,2014,-95.45,45.93
Locke,Anoka,Eurasian watermilfoil,2021,-93.27,45.23
Locke,Wright,Eurasian watermilfoil,2011,-93.89,45.2
Locke,Wright,zebra mussel,2021,-93.89,45.2
Loeb,Ramsey,Eurasian watermilfoil,2004,-93.11,45.01
Lomond,Clearwater,zebra mussel,2019,-95.38,47.59
Long,Hennepin,Eurasian watermilfoil,1995,-93.47,45.02
Long,Isanti,Eurasian watermilfoil,2007,-93.26,45.58
Long,Ramsey,Eurasian watermilfoil,2015,-93.11,45.01
Long,Washington,Eurasian watermilfoil,2006,-92.88,45.02
Long,Washington,Eurasian watermilfoil,2009,-92.88,45.02
Long,Washington,Eurasian watermilfoil,2008,-92.88,45.02
Long,Washington,Eurasian watermilfoil,2016,-92.88,45.02
Long,Hubbard,faucet snail,2017,-94.92,47.11
Long,Becker,zebra mussel,2020,-95.68,46.94
Long,Hubbard,zebra mussel,2020,-94.92,47.11
Long,Kandiyohi,zebra mussel,2022,-95.01,45.15
Long,Otter Tail,zebra mussel,2018,-95.71,46.41
Long,Otter Tail,zebra mussel,2018,-95.71,46.41
Long,Ramsey,zebra mussel,2019,-93.11,45.01
Long,Stearns,zebra mussel,2021,-94.59,45.53
Long (Tame Fish),Crow Wing,Eurasian watermilfoil,2010,-94.09,46.48
Long / Tame Fish,Crow Wing,zebra mussel,2020,-94.09,46.48
Long Lake,Douglas,zebra mussel,2014,-95.45,45.93
Loon,Jackson,bighead carp,2012,-95.16,43.67
Loon,Jackson,silver carp,2012,-95.16,43.67
Loon,St. Louis,spiny waterflea,2009,-92.38,47.5
Loon (Island-Loon),Crow Wing,zebra mussel,2014,-94.09,46.48
Loon Creek between Loon and Spirit,Jackson,bighead carp,2012,-95.16,43.67
Loon Creek between Loon and Spirit,Jackson,silver carp,2012,-95.16,43.67
Lottie (Taylor),Douglas,zebra mussel,2011,-95.45,45.93
Lotus,Carver,brittleleaf naiad,2017,-93.77,44.81
Lotus,Carver,Eurasian watermilfoil,1995,-93.77,44.81
Lotus,Hennepin,zebra mussel,2019,-93.47,45.02
Louisa,Wright,Eurasian watermilfoil,2022,-93.89,45.2
Louise,Douglas,zebra mussel,2014,-95.45,45.93
Louise Mine,Crow Wing,Eurasian watermilfoil,2009,-94.09,46.48
Louise Mine,Crow Wing,zebra mussel,2020,-94.09,46.48
Love,Crow Wing,zebra mussel,2010,-94.09,46.48
Lower Cullen,Crow Wing,zebra mussel,2016,-94.09,46.48
Lower Hay,Crow Wing,zebra mussel,2014,-94.09,46.48
Lower Mission,Crow Wing,Eurasian watermilfoil,2008,-94.09,46.48
Lower Orono,Sherburne,zebra mussel,2020,-93.83,45.41
Lower Prior,Scott,Eurasian watermilfoil,1995,-93.6,44.68
Lower Prior,Scott,zebra mussel,2009,-93.6,44.68
Lower Spunk,Stearns,Eurasian watermilfoil,2014,-94.59,45.53
Lower Twin,Wadena,faucet snail,2009,-94.95,46.59
Lower Watab,Stearns,zebra mussel,2014,-94.59,45.53
Lucy,Carver,Eurasian watermilfoil,2007,-93.77,44.81
Lundsten,Carver,Eurasian watermilfoil,2019,-93.77,44.81
Lura,Blue Earth,Eurasian watermilfoil,2005,-94.07,44.06
Madison,Blue Earth,Eurasian watermilfoil,2010,-94.07,44.06
Magda,Hennepin,Eurasian watermilfoil,2015,-93.47,45.02
Mahnomen,Crow Wing,zebra mussel,2021,-94.09,46.48
Mahnomen Mine #1,Crow Wing,zebra mussel,2017,-94.09,46.48
Mahnomen Mine #2,Crow Wing,zebra mussel,2017,-94.09,46.48
Mahnomen Mine #3,Crow Wing,zebra mussel,2017,-94.09,46.48
Mandall,Chisago,Eurasian watermilfoil,2021,-92.89,45.51
Mangan Mine Pit,Crow Wing,zebra mussel,2016,-94.09,46.48
Mantrap,Hubbard,Eurasian watermilfoil,2020,-94.92,47.11
Manuella,Meeker,Eurasian watermilfoil,2006,-94.51,45.11
Maple,Wright,Eurasian watermilfoil,2007,-93.89,45.2
Maple,Wright,Eurasian watermilfoil,2007,-93.89,45.2
Maple,Douglas,zebra mussel,2014,-95.45,45.93
Maple (Northeast Bay),Wright,zebra mussel,2019,-93.89,45.2
Maple (Upper Maple),Wright,flowering rush,2015,-93.89,45.2
Maple (Upper Maple),Wright,flowering rush,2015,-93.89,45.2
Margaret,Cass,zebra mussel,2010,-94.29,46.88
Marie,Stearns,Eurasian watermilfoil,2017,-94.59,45.53
Marion,Dakota,Eurasian watermilfoil,1998,-93.03,44.7
Marion,Dakota,zebra mussel,2017,-93.03,44.7
Marquette,Beltrami,zebra mussel,2018,-95.01,47.98
Marshan,Anoka,Eurasian watermilfoil,2010,-93.27,45.23
Mary,Crow Wing,Eurasian watermilfoil,2017,-94.09,46.48
Mary,Todd,Eurasian watermilfoil,2018,-94.9,46.07
Mary,Wright,Eurasian watermilfoil,1997,-93.89,45.2
Mary,Douglas,zebra mussel,2014,-95.45,45.93
Maud,Becker,zebra mussel,2016,-95.68,46.94
Mazaska,Rice,Eurasian watermilfoil,2010,-93.28,44.37
McCarron,Ramsey,Eurasian watermilfoil,2000,-93.11,45.01
McCarron,Ramsey,zebra mussel,2019,-93.11,45.01
McColl,Scott,Eurasian watermilfoil,2009,-93.6,44.68
McCormack,St. Louis,Eurasian watermilfoil,2013,-92.38,47.5
McCraney,Mahnomen,faucet snail,2015,-95.81,47.32
McDonough,Dakota,Eurasian watermilfoil,2016,-93.03,44.7
McFarland,Cook,spiny waterflea,2005,-90.27,47.73
McKinney,Itasca,Eurasian watermilfoil,1999,-93.73,47.46
McMahon,Scott,Eurasian watermilfoil,2007,-93.6,44.68
Meadowbrook,Hennepin,zebra mussel,2010,-93.47,45.02
Medicine,Hennepin,Eurasian watermilfoil,1995,-93.47,45.02
Medicine,Hennepin,starry stonewort,2018,-93.47,45.02
Medicine,Hennepin,zebra mussel,2017,-93.47,45.02
Melissa,Becker,flowering rush,2007,-95.68,46.94
Melissa,Becker,zebra mussel,2014,-95.68,46.94
Melrose,Stearns,zebra mussel,2018,-94.59,45.53
Mesabi Mt. Pit,St. Louis,zebra mussel,2019,-92.38,47.5
Middle,Otter Tail,zebra mussel,2020,-95.71,46.41
Middle Cormorant,Becker,zebra mussel,2019,-95.68,46.94
Middle Jefferson,Le Sueur,Eurasian watermilfoil,2010,-93.78,44.37
Middle Pomme de Terre,Stevens,zebra mussel,2018,-96,45.59
Middle Spunk,Stearns,Eurasian watermilfoil,2014,-94.59,45.53
Mill,Becker,flowering rush,2009,-95.68,46.94
Mill Lake,Douglas,zebra mussel,2014,-95.45,45.93
Mill Pond,Becker,zebra mussel,2014,-95.68,46.94
Mille Lacs,Mille Lacs,Eurasian watermilfoil,1999,-93.62,45.9
Mille Lacs,Mille Lacs,spiny waterflea,2009,-93.62,45.9
Mille Lacs,Mille Lacs,zebra mussel,2006,-93.62,45.9
Miller,Carver,zebra mussel,2018,-93.77,44.81
Miller,Crow Wing,zebra mussel,2006,-94.09,46.48
Miller Creek from 500 feet upstream of State Highway 172 downstream to the Rainy River,Lake of the Woods,spiny waterflea,2007,-94.9,48.88
Miltona,Douglas,zebra mussel,2013,-95.45,45.93
Mina,Douglas,zebra mussel,2014,-95.45,45.93
Mineral,Otter Tail,zebra mussel,2019,-95.71,46.41
Mink,Wright,Eurasian watermilfoil,2004,-93.89,45.2
Mink,Wright,Eurasian watermilfoil,2014,-93.89,45.2
Mink,Wright,zebra mussel,2023,-93.89,45.2
Minnehaha Creek,Hennepin,Eurasian watermilfoil,1995,-93.47,45.02
Minnehaha Creek,Hennepin,Eurasian watermilfoil,2007,-93.47,45.02
Minnehaha Creek,Hennepin,flowering rush,2009,-93.47,45.02
Minnehaha Creek,Hennepin,flowering rush,2009,-93.47,45.02
Minnehaha Creek between Minnetonka and Nokomis,Hennepin,zebra mussel,2010,-93.47,45.02
Minnehaha Creek between Minnetonka and Nokomis,Hennepin,zebra mussel,2010,-93.47,45.02
Minnehaha Marsh,Hennepin,zebra mussel,2010,-93.47,45.02
Minnesota River - Granite Falls,Yellow Medicine,zebra mussel,2016,-95.91,44.73
Minnetonka,Hennepin,Eurasian watermilfoil,1995,-93.47,45.02
Minnetonka,Hennepin,flowering rush,2009,-93.47,45.02
Minnetonka,Hennepin,zebra mussel,2010,-93.47,45.02
Minnewashta,Carver,Eurasian watermilfoil,1995,-93.77,44.81
Minnewashta,Carver,zebra mussel,2016,-93.77,44.81
Minnewaska,Pope,Eurasian watermilfoil,1998,-95.44,45.6
Minnewaska,Pope,starry stonewort,2017,-95.44,45.6
Minnewaska,Pope,zebra mussel,2012,-95.44,45.6
Minnie-Belle,Meeker,Eurasian watermilfoil,2010,-94.51,45.11
Minnie-Belle,Meeker,zebra mussel,2020,-94.51,45.11
Mississippi River -  U.S. Lock & Dam #3 Pool (main channel),Goodhue,flowering rush,2021,-92.64,44.45
Mississippi River -  U.S. Lock & Dam #7 Pool,Winona,bighead carp,2012,-91.78,44.02
Mississippi River -  U.S. Lock & Dam #7 Pool,Winona,Eurasian watermilfoil,2007,-91.78,44.02
Mississippi River -  U.S. Lock & Dam #7 Pool,Winona,faucet snail,2013,-91.78,44.02
Mississippi River -  U.S. Lock & Dam #7 Pool,Winona,grass carp,2015,-91.78,44.02
Mississippi River -  U.S. Lock & Dam #7 Pool,Winona,silver carp,2012,-91.78,44.02
Mississippi River -  U.S. Lock & Dam #7 Pool,Winona,zebra mussel,2007,-91.78,44.02
Mississippi River -  U.S. Lock & Dam #8 Pool,Houston,bighead carp,2012,-91.47,43.68
Mississippi River -  U.S. Lock & Dam #8 Pool,Houston,Eurasian watermilfoil,2007,-91.47,43.68
Mississippi River -  U.S. Lock & Dam #8 Pool,Houston,faucet snail,2013,-91.47,43.68
Mississippi River -  U.S. Lock & Dam #8 Pool,Houston,grass carp,2015,-91.47,43.68
Mississippi River -  U.S. Lock & Dam #8 Pool,Houston,silver carp,2012,-91.47,43.68
Mississippi River -  U.S. Lock & Dam #8 Pool,Houston,zebra mussel,2007,-91.47,43.68
Mississippi River -  U.S. Lock & Dam #9 Pool,Houston,flowering rush,2021,-91.47,43.68
Mississippi River - Blackbird Slough,Winona,bighead carp,2012,-91.78,44.02
Mississippi River - Blackbird Slough,Winona,Eurasian watermilfoil,2007,-91.78,44.02
Mississippi River - Blackbird Slough,Winona,grass carp,2015,-91.78,44.02
Mississippi River - Blackbird Slough,Winona,silver carp,2012,-91.78,44.02
Mississippi River - Blackbird Slough,Winona,zebra mussel,2007,-91.78,44.02
Mississippi River - Blandin Reservoir,Itasca,zebra mussel,2018,-93.73,47.46
Mississippi River - Stump,Beltrami,zebra mussel,2018,-95.01,47.98
Mississippi River - Sturgeon,Goodhue,bighead carp,2012,-92.64,44.45
Mississippi River - Sturgeon,Goodhue,Eurasian watermilfoil,2007,-92.64,44.45
Mississippi River - Sturgeon,Goodhue,grass carp,2015,-92.64,44.45
Mississippi River - Sturgeon,Goodhue,silver carp,2012,-92.64,44.45
Mississippi River - Sturgeon,Goodhue,zebra mussel,2007,-92.64,44.45
Mississippi River - Twin,Goodhue,bighead carp,2012,-92.64,44.45
Mississippi River - Twin,Goodhue,Eurasian watermilfoil,2007,-92.64,44.45
Mississippi River - Twin,Goodhue,grass carp,2015,-92.64,44.45
Mississippi River - Twin,Goodhue,silver carp,2012,-92.64,44.45
Mississippi River - Twin,Goodhue,zebra mussel,2007,-92.64,44.45
Mississippi River - West Newton Chute,Wabasha,bighead carp,2012,-92.21,44.28
Mississippi River - West Newton Chute,Wabasha,Eurasian watermilfoil,2007,-92.21,44.28
Mississippi River - West Newton Chute,Wabasha,grass carp,2015,-92.21,44.28
Mississippi River - West Newton Chute,Wabasha,silver carp,2012,-92.21,44.28
Mississippi River - West Newton Chute,Wabasha,zebra mussel,2007,-92.21,44.28
Mitchell,Hennepin,Eurasian watermilfoil,2004,-93.47,45.02
Mitchell,Sherburne,Eurasian watermilfoil,2008,-93.83,45.41
Mitchell,Sherburne,zebra mussel,2020,-93.83,45.41
Molly Stark,Otter Tail,zebra mussel,2018,-95.71,46.41
Moose,Beltrami,starry stonewort,2016,-95.01,47.98
Moose,Wright,zebra mussel,2021,-93.89,45.2
Moses,Douglas,zebra mussel,2020,-95.45,45.93
Mound,Todd,zebra mussel,2018,-94.9,46.07
Mud,Hennepin,Eurasian watermilfoil,2020,-93.47,45.02
Mud,Washington,Eurasian watermilfoil,2007,-92.88,45.02
Mud,Otter Tail,zebra mussel,2020,-95.71,46.41
Mud,St. Louis,zebra mussel,2009,-92.38,47.5
Mud,Wright,zebra mussel,2019,-93.89,45.2
Murphy,Scott,Eurasian watermilfoil,2020,-93.6,44.68
Muskrat,Becker,flowering rush,2007,-95.68,46.94
Muskrat,Becker,zebra mussel,2017,-95.68,46.94
Namakan,St. Louis,spiny waterflea,2007,-92.38,47.5
Nelson,Becker,zebra mussel,2019,-95.68,46.94
Nest,Kandiyohi,zebra mussel,2017,-95.01,45.15
Newton,Lake,spiny waterflea,2014,-91.41,47.57
Niccum?s Pond (located in the NW 1/4 of the SW 1/4 of S10 T117N R24W),Hennepin,Eurasian watermilfoil,1995,-93.47,45.02
Nisswa,Crow Wing,zebra mussel,2010,-94.09,46.48
Nokomis,Hennepin,Eurasian watermilfoil,1995,-93.47,45.02
Nokomis,Hennepin,zebra mussel,2010,-93.47,45.02
Normandale,Hennepin,Eurasian watermilfoil,2019,-93.47,45.02
North Center,Chisago,Eurasian watermilfoil,2008,-92.89,45.51
North Fowl,Cook,spiny waterflea,2010,-90.27,47.73
North Lindstrom,Chisago,Eurasian watermilfoil,2006,-92.89,45.51
North Long,Crow Wing,zebra mussel,2014,-94.09,46.48
North Oscar,Douglas,Eurasian watermilfoil,2013,-95.45,45.93
North Pomme de Terre,Stevens,zebra mussel,2018,-96,45.59
North Star,Itasca,zebra mussel,2017,-93.73,47.46
North Ten Mile,Otter Tail,zebra mussel,2017,-95.71,46.41
North Twin,Itasca,Eurasian watermilfoil,2000,-93.73,47.46
North Twin,Wright,Eurasian watermilfoil,2009,-93.89,45.2
North Twin,Itasca,flowering rush,2007,-93.73,47.46
North Twin,Mahnomen,zebra mussel,2022,-95.81,47.32
North Union ,Douglas,zebra mussel,2011,-95.45,45.93
Norway,Kandiyohi,Eurasian watermilfoil,2002,-95.01,45.15
Norway,Kandiyohi,zebra mussel,2018,-95.01,45.15
O?Dowd,Scott,Eurasian watermilfoil,2002,-93.6,44.68
Oak,Carver,Eurasian watermilfoil,2020,-93.77,44.81
O'Brien,Dakota,Eurasian watermilfoil,2016,-93.03,44.7
Ogechie,Mille Lacs,zebra mussel,2007,-93.62,45.9
Olson,Washington,Eurasian watermilfoil,2009,-92.88,45.02
Onamia,Mille Lacs,zebra mussel,2007,-93.62,45.9
Orchard,Dakota,Eurasian watermilfoil,2017,-93.03,44.7
Orono,Sherburne,Eurasian watermilfoil,2020,-93.83,45.41
Orwell Reservoir,Otter Tail,zebra mussel,2013,-95.71,46.41
Oscar ,Douglas,Eurasian watermilfoil,1995,-95.45,45.93
Oscar,Douglas,zebra mussel,2019,-95.45,45.93
Ossawinnamakee,Crow Wing,Eurasian watermilfoil,2004,-94.09,46.48
Ossawinnamakee,Crow Wing,zebra mussel,2004,-94.09,46.48
Otter,Anoka,Eurasian watermilfoil,1995,-93.27,45.23
Otter ,Stearns,Eurasian watermilfoil,2011,-94.59,45.53
Otter,Stearns,zebra mussel,2015,-94.59,45.53
Otter Tail,Otter Tail,zebra mussel,2016,-95.71,46.41
Otter Tail River (Red River),Otter Tail,zebra mussel,2017,-95.71,46.41
Outlet Creek from Minnewaska to Emily,Pope,zebra mussel,2012,-95.44,45.6
Owasso,Ramsey,Eurasian watermilfoil,2000,-93.11,45.01
Owasso,Ramsey,zebra mussel,2021,-93.11,45.01
Park,Murray,zebra mussel,2022,-95.77,44.02
Parker?s,Hennepin,Eurasian watermilfoil,1995,-93.47,45.02
Parley,Carver,Eurasian watermilfoil,2001,-93.77,44.81
Paul,Otter Tail,zebra mussel,2013,-95.71,46.41
Pearl,Jackson,bighead carp,2012,-95.16,43.67
Pearl,Jackson,silver carp,2012,-95.16,43.67
Peavey,Hennepin,Eurasian watermilfoil,1999,-93.47,45.02
Peavey,Hennepin,zebra mussel,2012,-93.47,45.02
Pelican,Wright,Eurasian watermilfoil,2010,-93.89,45.2
Pelican,Crow Wing,zebra mussel,2012,-94.09,46.48
Pelican,Otter Tail,zebra mussel,2009,-95.71,46.41
Pelican,Pope,zebra mussel,2019,-95.44,45.6
Pelican Brook from the source at Ossawinnamakee to the Pine River,Crow Wing,zebra mussel,2007,-94.09,46.48
Pelican River from Detroit to Muskrat,Becker,flowering rush,2007,-95.68,46.94
Peltier,Anoka,Eurasian watermilfoil,2000,-93.27,45.23
Pennington Mine,Crow Wing,zebra mussel,2017,-94.09,46.48
Perkins,Stevens,zebra mussel,2018,-96,45.59
Phalen,Ramsey,Eurasian watermilfoil,1997,-93.11,45.01
Pickerel,Becker,flowering rush,2015,-95.68,46.94
Pickerel,Becker,zebra mussel,2014,-95.68,46.94
Pickerel,Crow Wing,zebra mussel,2006,-94.09,46.48
Pierson,Carver,Eurasian watermilfoil,1995,-93.77,44.81
Pierson,Carver,zebra mussel,2020,-93.77,44.81
Pig,Crow Wing,zebra mussel,2014,-94.09,46.48
Pigeon River downstream of South Fowl,Cook,spiny waterflea,2010,-90.27,47.73
Pigeon River from the Pigeon Dam Lake dam to Winnibigoshish,Itasca,faucet snail,2009,-93.73,47.46
Pigeon River from the Pigeon Dam Lake dam to Winnibigoshish,Itasca,zebra mussel,2013,-93.73,47.46
Pike,Scott,Eurasian watermilfoil,2014,-93.6,44.68
Pike,Scott,zebra mussel,2021,-93.6,44.68
Pike,St. Louis,zebra mussel,2009,-92.38,47.5
Pike Bay,Cass,zebra mussel,2014,-94.29,46.88
Pike River from Pike River Dam at CSAH 77 near Peyla to Vermilion  and Vermilion River from Vermilion to Crane,St. Louis,spiny waterflea,2015,-92.38,47.5
Pimushe,Beltrami,starry stonewort,2021,-95.01,47.98
Pimushe,Beltrami,zebra mussel,2019,-95.01,47.98
Pine,Crow Wing,Eurasian watermilfoil,2017,-94.09,46.48
Pine,Cook,spiny waterflea,2005,-90.27,47.73
Pine Mountain,Cass,zebra mussel,2021,-94.29,46.88
Pine River,Crow Wing,Eurasian watermilfoil,2017,-94.09,46.48
Pine River from the base of Cross Lake Dam to the confluence with Pelican Brook,Crow Wing,zebra mussel,2014,-94.09,46.48
Pine River from 500 feet upstream of the mouth of Pelican Brook to the Mississippi River including 500 feet upstream into its tributaries,Crow Wing,zebra mussel,2006,-94.09,46.48
Pine Tree,Washington,Eurasian watermilfoil,2021,-92.88,45.02
Pioneer,Chisago,Eurasian watermilfoil,2022,-92.89,45.51
Pleasant,Ramsey,Eurasian watermilfoil,2010,-93.11,45.01
Pleasant,Wright,Eurasian watermilfoil,2017,-93.89,45.2
Pleasant,Wright,starry stonewort,2018,-93.89,45.2
Pleasant,Ramsey,zebra mussel,2007,-93.11,45.01
Pleasant,Wright,zebra mussel,2020,-93.89,45.2
Pletz Marsh,Jackson,bighead carp,2012,-95.16,43.67
Pletz Marsh,Jackson,silver carp,2012,-95.16,43.67
Plum,Jackson,bighead carp,2012,-95.16,43.67
Plum,Jackson,silver carp,2012,-95.16,43.67
Pocket,Douglas,zebra mussel,2016,-95.45,45.93
Pokegama,Pine,Eurasian watermilfoil,2006,-92.72,46.07
Pokegama,Itasca,zebra mussel,2019,-93.73,47.46
Pomme de Terre,Grant,zebra mussel,2018,-96.01,45.93
Pond Six,Ramsey,Eurasian watermilfoil,2002,-93.11,45.01
Pond Three,Ramsey,Eurasian watermilfoil,2006,-93.11,45.01
Portage,Crow Wing,Eurasian watermilfoil,2019,-94.09,46.48
Portage,Itasca,zebra mussel,2013,-93.73,47.46
Portage (in Lebanon Hills Regional Park),Dakota,Eurasian watermilfoil,2016,-93.03,44.7
Powderhorn,Hennepin,Eurasian watermilfoil,2008,-93.47,45.02
Powers,Washington,Eurasian watermilfoil,1998,-92.88,45.02
Prairie,Otter Tail,zebra mussel,2009,-95.71,46.41
Pug Hole,Beltrami,zebra mussel,2014,-95.01,47.98
Pulaski,Wright,Eurasian watermilfoil,1995,-93.89,45.2
Pulaski,Wright,zebra mussel,2022,-93.89,45.2
Quarry,Dakota,Eurasian watermilfoil,2007,-93.03,44.7
Quarry,Scott,Eurasian watermilfoil,2016,-93.6,44.68
Rabbit (East Portion),Crow Wing,zebra mussel,2022,-94.09,46.48
Rabbit (West Portion),Crow Wing,zebra mussel,2022,-94.09,46.48
Rabbits,Itasca,faucet snail,2009,-93.73,47.46
Rabbits,Itasca,zebra mussel,2013,-93.73,47.46
Rabour,Chisago,Eurasian watermilfoil,2021,-92.89,45.51
Rainy,St. Louis,spiny waterflea,2007,-92.38,47.5
Rainy,St. Louis,zebra mussel,2021,-92.38,47.5
Ramsey,Wright,Eurasian watermilfoil,2004,-93.89,45.2
Rapid River from 500 feet upstream of Highway 11 to Clementson Bay of the Rainy River,Lake of the Woods,spiny waterflea,2007,-94.9,48.88
Raven,Itasca,faucet snail,2009,-93.73,47.46
Raven,Itasca,zebra mussel,2013,-93.73,47.46
Ravens Flowage,Itasca,zebra mussel,2013,-93.73,47.46
Ravens Flowage (includes unnamed creek from S3 T146N R29W to S11 T146N R29W and Raven Creek downstream of Raven and Rabbit lakes to Lake Winnibigoshish),Itasca,faucet snail,2009,-93.73,47.46
Ray's,Le Sueur,Eurasian watermilfoil,2009,-93.78,44.37
Rebecca,Hennepin,Eurasian watermilfoil,1995,-93.47,45.02
Rebecca,Dakota,zebra mussel,2009,-93.03,44.7
Red (Upper Red),Beltrami,starry stonewort,2016,-95.01,47.98
Red (Upper Red),Beltrami,zebra mussel,2019,-95.01,47.98
Red Rock,Douglas,zebra mussel,2022,-95.45,45.93
Redick Swamp,Douglas,zebra mussel,2017,-95.45,45.93
Reed,Otter Tail,zebra mussel,2018,-95.71,46.41
Reeds,Waseca,Eurasian watermilfoil,2014,-93.59,44.02
Reitz,Carver,Eurasian watermilfoil,2008,-93.77,44.81
Reno,Pope,zebra mussel,2014,-95.44,45.6
Rice,Hennepin,Eurasian watermilfoil,1997,-93.47,45.02
Rice,Stearns,starry stonewort,2016,-94.59,45.53
Rice,Crow Wing,zebra mussel,2006,-94.09,46.48
Rice,Itasca,zebra mussel,2013,-93.73,47.46
Riley,Carver,Eurasian watermilfoil,1995,-93.77,44.81
Riley,Carver,zebra mussel,2018,-93.77,44.81
Ripley,Meeker,Eurasian watermilfoil,2004,-94.51,45.11
Ripley,Meeker,Eurasian watermilfoil,2004,-94.51,45.11
Ripple River between Bay and Tame Fish,Crow Wing,Eurasian watermilfoil,2000,-94.09,46.48
Rock,Wright,Eurasian watermilfoil,1995,-93.89,45.2
Roe Mine,Crow Wing,zebra mussel,2021,-94.09,46.48
Rose,Otter Tail,zebra mussel,2011,-95.71,46.41
Rossier,Stearns,zebra mussel,2014,-94.59,45.53
Round,Jackson,bighead carp,2012,-95.16,43.67
Round,Hennepin,brittleleaf naiad,2010,-93.47,45.02
Round,Douglas,Eurasian watermilfoil,2014,-95.45,45.93
Round,Hennepin,Eurasian watermilfoil,1996,-93.47,45.02
Round,Ramsey,Eurasian watermilfoil,1997,-93.11,45.01
Round,Wright,Eurasian watermilfoil,2009,-93.89,45.2
Round,Jackson,silver carp,2012,-95.16,43.67
Round,Crow Wing,zebra mussel,2010,-94.09,46.48
Round,Grant,zebra mussel,2017,-96.01,45.93
Round,Otter Tail,zebra mussel,2019,-95.71,46.41
Round,Otter Tail,zebra mussel,2018,-95.71,46.41
Roy,Crow Wing,zebra mussel,2010,-94.09,46.48
Royal,Cook,spiny waterflea,2010,-90.27,47.73
Royal River between Little John and North Fowls,Cook,spiny waterflea,2010,-90.27,47.73
Rusch,Otter Tail,zebra mussel,2013,-95.71,46.41
Rush,Jackson,bighead carp,2012,-95.16,43.67
Rush,Jackson,bighead carp,2012,-95.16,43.67
Rush,Chisago,Eurasian watermilfoil,1995,-92.89,45.51
Rush,Chisago,Eurasian watermilfoil,1995,-92.89,45.51
Rush,Sherburne,Eurasian watermilfoil,2014,-93.83,45.41
Rush,Jackson,silver carp,2012,-95.16,43.67
Rush,Jackson,silver carp,2012,-95.16,43.67
Rush,Otter Tail,zebra mussel,2017,-95.71,46.41
Rush-Hen,Crow Wing,zebra mussel,2014,-94.09,46.48
Ruth,Crow Wing,Eurasian watermilfoil,1997,-94.09,46.48
Ruth,Crow Wing,zebra mussel,2015,-94.09,46.48
Sabin (Embarrass Mine),St. Louis,zebra mussel,2022,-92.38,47.5
Saganaga,Cook,spiny waterflea,2004,-90.27,47.73
Sallie,Becker,flowering rush,2007,-95.68,46.94
Sallie,Becker,zebra mussel,2016,-95.68,46.94
Sand,Pine,Eurasian watermilfoil,2004,-92.72,46.07
Sand,Itasca,zebra mussel,2013,-93.73,47.46
Sand Point,St. Louis,spiny waterflea,2007,-92.38,47.5
Sarah,Hennepin,Eurasian watermilfoil,1995,-93.47,45.02
Sarah,Murray,zebra mussel,2018,-95.77,44.02
Sauk,Todd,flowering rush,2009,-94.9,46.07
Sauk,Todd,zebra mussel,2018,-94.9,46.07
Sauk River,Todd,flowering rush,2007,-94.9,46.07
Saunders,Hennepin,Eurasian watermilfoil,2014,-93.47,45.02
Scalp,Otter Tail,zebra mussel,2021,-95.71,46.41
Scandinavian,Pope,Eurasian watermilfoil,2014,-95.44,45.6
Schmidt,Hennepin,Eurasian watermilfoil,1995,-93.47,45.02
Schmidt,Wright,Eurasian watermilfoil,2014,-93.89,45.2
Schneider,Stearns,zebra mussel,2018,-94.59,45.53
School Section,Stearns,Eurasian watermilfoil,2018,-94.59,45.53
Schultz,Dakota,Eurasian watermilfoil,2000,-93.03,44.7
Schutz,Carver,Eurasian watermilfoil,1995,-93.77,44.81
Second Crow Wing,Hubbard,faucet snail,2011,-94.92,47.11
Sensky Creek from 500 feet upstream of State Highway 172 downstream to the Rainy River,Lake of the Woods,spiny waterflea,2007,-94.9,48.88
Serpent,Crow Wing,zebra mussel,2017,-94.09,46.48
Shady Oak,Hennepin,brittleleaf naiad,2021,-93.47,45.02
Shady Oak,Hennepin,Eurasian watermilfoil,2019,-93.47,45.02
Shagawa,St. Louis,spiny waterflea,2014,-92.38,47.5
Shakopee,Mille Lacs,zebra mussel,2007,-93.62,45.9
Shallow Pond,Pope,zebra mussel,2012,-95.44,45.6
Shamineau,Morrison,Eurasian watermilfoil,2012,-94.21,46.07
Shetek,Murray,zebra mussel,2022,-95.77,44.02
Shields,Rice,Eurasian watermilfoil,2015,-93.28,44.37
Signalness,Pope,zebra mussel,2016,-95.44,45.6
Silver,Ramsey,Eurasian watermilfoil,1995,-93.11,45.01
Silver,Ramsey,Eurasian watermilfoil,2021,-93.11,45.01
Silver,Wright,Eurasian watermilfoil,2011,-93.89,45.2
Silver Creek  from 500 feet upstream of Highway 11 to the Rainy River,Lake of the Woods,spiny waterflea,2007,-94.9,48.88
Skoglund Slough,Douglas,zebra mussel,2014,-95.45,45.93
Skogman,Isanti,Eurasian watermilfoil,2014,-93.26,45.58
Skunk,Jackson,bighead carp,2012,-95.16,43.67
Skunk,Jackson,silver carp,2012,-95.16,43.67
Smetana,Hennepin,Eurasian watermilfoil,2020,-93.47,45.02
Smith,Crow Wing,zebra mussel,2021,-94.09,46.48
Smith,Douglas,zebra mussel,2022,-95.45,45.93
Snail,Ramsey,Eurasian watermilfoil,2000,-93.11,45.01
Snake River between Pokegama and Cross including 500 feet upstream into its tributaries,Pine,Eurasian watermilfoil,2005,-92.72,46.07
Snelling,Hennepin,Eurasian watermilfoil,2006,-93.47,45.02
Somers,Wright,Eurasian watermilfoil,2014,-93.89,45.2
South Center,Chisago,Eurasian watermilfoil,2009,-92.89,45.51
South Coon,Anoka,Eurasian watermilfoil,2010,-93.27,45.23
South Fowl,Cook,spiny waterflea,2010,-90.27,47.73
South Lindstrom,Chisago,Eurasian watermilfoil,2010,-92.89,45.51
South Long,Crow Wing,faucet snail,2021,-94.09,46.48
South Long,Crow Wing,zebra mussel,2021,-94.09,46.48
South Twin,Itasca,Eurasian watermilfoil,2016,-93.73,47.46
South Twin,Itasca,flowering rush,2007,-93.73,47.46
South Twin,Mahnomen,zebra mussel,2019,-95.81,47.32
Southeast Anderson,Hennepin,Eurasian watermilfoil,2017,-93.47,45.02
Spectacle,Isanti,Eurasian watermilfoil,2007,-93.26,45.58
Spectacle,Isanti,zebra mussel,2019,-93.26,45.58
Spider,Itasca,flowering rush,2014,-93.73,47.46
Spider,Cass,zebra mussel,2010,-94.29,46.88
Spirit,Jackson,bighead carp,2012,-95.16,43.67
Spirit,Jackson,silver carp,2012,-95.16,43.67
Spoon Creek between Keller and Phalen lakes,Ramsey,Eurasian watermilfoil,1999,-93.11,45.01
Sprague,Rice,flowering rush,2014,-93.28,44.37
Spring,Scott,Eurasian watermilfoil,2021,-93.6,44.68
Spring,Grant,zebra mussel,2017,-96.01,45.93
Spring,Scott,zebra mussel,2022,-93.6,44.68
St James Pit,St. Louis,zebra mussel,2021,-92.38,47.5
St. Anna,Stearns,Eurasian watermilfoil,2014,-94.59,45.53
St. Clair,Becker,zebra mussel,2020,-95.68,46.94
St. Croix River,Washington,Eurasian watermilfoil,1995,-92.88,45.02
St. Croix River downstream of the St.Croix Boomsite Recreation Area at river mile 25.4,Washington,zebra mussel,2001,-92.88,45.02
Stalker,Otter Tail,flowering rush,2018,-95.71,46.41
Star,Otter Tail,zebra mussel,2019,-95.71,46.41
Staring,Hennepin,brittleleaf naiad,2015,-93.47,45.02
Staring,Hennepin,Eurasian watermilfoil,2015,-93.47,45.02
Steamboat,Cass,zebra mussel,2017,-94.29,46.88
Steiger,Carver,Eurasian watermilfoil,2002,-93.77,44.81
Stella,Meeker,Eurasian watermilfoil,1999,-94.51,45.11
Stella,Meeker,zebra mussel,2015,-94.51,45.11
Stocking,Wadena,faucet snail,2022,-94.95,46.59
Stone,Carver,Eurasian watermilfoil,1995,-93.77,44.81
Stoney (Stony),Douglas,zebra mussel,2011,-95.45,45.93
Stowe,Douglas,zebra mussel,2017,-95.45,45.93
Stuart,Otter Tail,zebra mussel,2022,-95.71,46.41
Sturgeon,Pine,Eurasian watermilfoil,2008,-92.72,46.07
Sucker,Ramsey,Eurasian watermilfoil,1996,-93.11,45.01
Sucker,Ramsey,zebra mussel,2007,-93.11,45.01
Sugar,Wright,Eurasian watermilfoil,1995,-93.89,45.2
Sugar,Itasca,faucet snail,2009,-93.73,47.46
Sugar,Itasca,zebra mussel,2013,-93.73,47.46
Sugar,Wright,zebra mussel,2018,-93.89,45.2
Sunfish,Washington,Eurasian watermilfoil,2019,-92.88,45.02
Sunnybrook,Washington,Eurasian watermilfoil,2019,-92.88,45.02
Sunset,Washington,Eurasian watermilfoil,2001,-92.88,45.02
Sunset Pond,Dakota,Eurasian watermilfoil,2004,-93.03,44.7
Susan,Carver,brittleleaf naiad,2019,-93.77,44.81
Susan,Carver,Eurasian watermilfoil,2005,-93.77,44.81
Swan,Kandiyohi,zebra mussel,2018,-95.01,45.15
Swan,Otter Tail,zebra mussel,2019,-95.71,46.41
Swan (located in the NW 1/4 of the NW 1/4 of S4 T117N R23W),Hennepin,Eurasian watermilfoil,1995,-93.47,45.02
Swede,Carver,Eurasian watermilfoil,2008,-93.77,44.81
Swede's Bay (DOW 40-0092-03),Le Sueur,Eurasian watermilfoil,2015,-93.78,44.37
Swift Ditch from 500 feet upstream of Highway 12 downstream to Lake of the Woods,Roseau,spiny waterflea,2011,-95.75,48.78
Sybil,Otter Tail,zebra mussel,2016,-95.71,46.41
Sylvan,Cass,zebra mussel,2020,-94.29,46.88
Sylvia,Stearns,Eurasian watermilfoil,2011,-94.59,45.53
Sylvia,Stearns,zebra mussel,2015,-94.59,45.53
Tanager,Hennepin,Eurasian watermilfoil,1999,-93.47,45.02
Tanager,Hennepin,zebra mussel,2012,-93.47,45.02
Ten Mile,Cass,zebra mussel,2019,-94.29,46.88
Ten Mile,Otter Tail,zebra mussel,2017,-95.71,46.41
Tetonka,Le Sueur,Eurasian watermilfoil,2016,-93.78,44.37
Tetonka,Le Sueur,flowering rush,2009,-93.78,44.37
Third Crow Wing,Hubbard,faucet snail,2018,-94.92,47.11
Third River downstream of Highway 33,Itasca,faucet snail,2009,-93.73,47.46
Third River downstream of Highway 33,Itasca,zebra mussel,2013,-93.73,47.46
Third River Flowage,Itasca,faucet snail,2009,-93.73,47.46
Third River Flowage,Itasca,zebra mussel,2013,-93.73,47.46
Thole,Scott,Eurasian watermilfoil,2002,-93.6,44.68
Thomas,Dakota,Eurasian watermilfoil,2012,-93.03,44.7
Thompson,Dakota,Eurasian watermilfoil,2021,-93.03,44.7
Threemile Creek between Otter and Clearwater,Stearns,zebra mussel,2015,-94.59,45.53
Thunder,Cass,starry stonewort,2022,-94.29,46.88
Thunder,Cass,zebra mussel,2022,-94.29,46.88
Tilde,Clay,red swamp crayfish,2016,-96.5,46.94
Torgerson,Douglas,zebra mussel,2022,-95.45,45.93
Town Line,Cass,Eurasian watermilfoil,2009,-94.29,46.88
Trout,Itasca,flowering rush,2015,-93.73,47.46
Trout,Cook,spiny waterflea,2013,-90.27,47.73
Trowbridge,Otter Tail,zebra mussel,2021,-95.71,46.41
Turner,Crow Wing,zebra mussel,2022,-94.09,46.48
Turtle,Ramsey,Eurasian watermilfoil,2000,-93.11,45.01
Turtle,Beltrami,starry stonewort,2016,-95.01,47.98
Turtle,Becker,zebra mussel,2021,-95.68,46.94
Turtle,Douglas,zebra mussel,2014,-95.45,45.93
Turtle,Grant,zebra mussel,2017,-96.01,45.93
Turtle River,Beltrami,starry stonewort,2022,-95.01,47.98
Tustin,Le Sueur,Eurasian watermilfoil,2022,-93.78,44.37
Twin,Hennepin,Eurasian watermilfoil,2007,-93.47,45.02
Twin Lakes,Dakota,Eurasian watermilfoil,1997,-93.03,44.7
Union,Polk,Eurasian watermilfoil,2007,-96.34,47.84
Unnamed,Dakota,Eurasian watermilfoil,2016,-93.03,44.7
Unnamed,Hennepin,Eurasian watermilfoil,2019,-93.47,45.02
Unnamed,Becker,zebra mussel,2019,-95.68,46.94
Unnamed,Becker,zebra mussel,2020,-95.68,46.94
Unnamed,Crow Wing,zebra mussel,2006,-94.09,46.48
Unnamed,Douglas,zebra mussel,2014,-95.45,45.93
Unnamed,Douglas,zebra mussel,2014,-95.45,45.93
Unnamed,Douglas,zebra mussel,2022,-95.45,45.93
Unnamed,Douglas,zebra mussel,2022,-95.45,45.93
Unnamed,Douglas,zebra mussel,2022,-95.45,45.93
Unnamed,Otter Tail,zebra mussel,2021,-95.71,46.41
Unnamed,Otter Tail,zebra mussel,2019,-95.71,46.41
Unnamed,Otter Tail,zebra mussel,2019,-95.71,46.41
Unnamed,Otter Tail,zebra mussel,2018,-95.71,46.41
Unnamed,Wright,zebra mussel,2023,-93.89,45.2
Unnamed (Black Tern Pond),Ramsey,Eurasian watermilfoil,2016,-93.11,45.01
Unnamed (Deer),Wright,zebra mussel,2023,-93.89,45.2
Unnamed (Grace),Carver,Eurasian watermilfoil,2016,-93.77,44.81
Unnamed (Hay),Dakota,flowering rush,2018,-93.03,44.7
Unnamed (Lily Pond),Dakota,Eurasian watermilfoil,2016,-93.03,44.7
Unnamed (Mill Pond),Otter Tail,zebra mussel,2012,-95.71,46.41
Unnamed (Nick's Marsh),Otter Tail,zebra mussel,2019,-95.71,46.41
Unnamed (Schwanz),Dakota,Eurasian watermilfoil,2022,-93.03,44.7
Unnamed creek between Anderson?s Marsh and Pearl,Jackson,bighead carp,2012,-95.16,43.67
Unnamed creek between Anderson?s Marsh and Pearl,Jackson,silver carp,2012,-95.16,43.67
Unnamed creek between Crooked Lake and Houghtaling Creek,Lake,zebra mussel,2014,-91.41,47.57
Unnamed creek between Pearl and Loon ,Jackson,bighead carp,2012,-95.16,43.67
Unnamed creek between Pearl and Loon ,Jackson,silver carp,2012,-95.16,43.67
Unnamed creek between Rush and Anderson?s Marsh,Jackson,bighead carp,2012,-95.16,43.67
Unnamed creek between Rush and Anderson?s Marsh,Jackson,silver carp,2012,-95.16,43.67
Unnamed gravel pit (located in S 1/2 of S14 T41N R21W),Pine,Eurasian watermilfoil,2005,-92.72,46.07
Unnamed gravel pit (located in S16 T108 R20W),Steele,Eurasian watermilfoil,2012,-93.23,44.02
Unnamed lake,Jackson,bighead carp,2012,-95.16,43.67
Unnamed lake,Jackson,bighead carp,2012,-95.16,43.67
Unnamed lake,Jackson,bighead carp,2012,-95.16,43.67
Unnamed Lake,Dakota,flowering rush,2007,-93.03,44.7
Unnamed lake,Jackson,silver carp,2012,-95.16,43.67
Unnamed lake,Jackson,silver carp,2012,-95.16,43.67
Unnamed lake,Jackson,silver carp,2012,-95.16,43.67
Unnamed Lake in Springbrook Nature Center,Anoka,Eurasian watermilfoil,1995,-93.27,45.23
Unnamed lake on Little Sioux River,Jackson,bighead carp,2012,-95.16,43.67
Unnamed lake on Little Sioux River,Jackson,bighead carp,2012,-95.16,43.67
Unnamed lake on Little Sioux River,Jackson,silver carp,2012,-95.16,43.67
Unnamed lake on Little Sioux River,Jackson,silver carp,2012,-95.16,43.67
Unnamed pond,Pope,zebra mussel,2012,-95.44,45.6
Unnamed pond (Valley Pond) in Valley Park,Dakota,Eurasian watermilfoil,2006,-93.03,44.7
Unnamed pond and channel in Sec 35 T135 R 29W,Crow Wing,zebra mussel,2010,-94.09,46.48
Unnamed pond in the NW 1/4 of S14 T117 R22,Hennepin,zebra mussel,2010,-93.47,45.02
Unnamed pond located in S14 and S15 T142 R39W,Becker,faucet snail,2012,-95.68,46.94
Unnamed pond located in S15 T142N R39W,Becker,faucet snail,2012,-95.68,46.94
Unnamed pond located in SE  of SW  of S14 T142 R39W,Becker,faucet snail,2013,-95.68,46.94
Unnamed pond located in SW  of SE  of S15 T142 R39W,Becker,faucet snail,2013,-95.68,46.94
Unnamed pond located in the NE  of NW  of S22 T142N R39W,Becker,faucet snail,2012,-95.68,46.94
Unnamed pond located in the NE  of SE  of S15 T142N R39W,Becker,faucet snail,2012,-95.68,46.94
Unnamed pond located in the NW 1/4 of NE  of S22 T142N R39W ,Becker,faucet snail,2012,-95.68,46.94
Unnamed pond located in the SE  of the SW  of S15 T142N R39W,Becker,faucet snail,2012,-95.68,46.94
Unnamed pond located in the SW  of SW  of S14 T142N R39W,Becker,faucet snail,2012,-95.68,46.94
Unnamed river from the outlet of Irene (21-0076) to Miltona (21-0083),Douglas,zebra mussel,2013,-95.45,45.93
Unnamed river from the outlet of Lake Miltona (21-0083) to Ida (21-0123),Douglas,zebra mussel,2013,-95.45,45.93
Unnamed stream connecting Big Rice Little Rice  Kitchi Pug Hole and Cass Lakes,Beltrami,zebra mussel,2014,-95.01,47.98
Unnamed stream connecting Kitchi Pug Hole and Cass Lakes,Cass,zebra mussel,2014,-94.29,46.88
Unnamed wetland,Hennepin,Eurasian watermilfoil,2000,-93.47,45.02
Unnamed wetland,Scott,Eurasian watermilfoil,2009,-93.6,44.68
Unnamed wetland (Heine Pond),Dakota,Eurasian watermilfoil,2010,-93.03,44.7
Unnamed wetland (located  in the NE 1/4 of the NE 1/4 of S33 T135N R27W),Crow Wing,zebra mussel,2006,-94.09,46.48
Unnamed wetland (located  in the NE 1/4 of the SW 1/4 of S3 T135N R27W),Crow Wing,zebra mussel,2006,-94.09,46.48
Unnamed wetland (located in the NE 1/4 of the NE 1/4 of S33 T31N R22W),Anoka,flowering rush,2007,-93.27,45.23
Unnamed wetland (located in the NE 1/4 of the SE 1/4 of S2 T46N R30W),Crow Wing,zebra mussel,2006,-94.09,46.48
Unnamed wetland (located in the NW 1/4 of the NE 1/4 of S33 T46N R30W),Crow Wing,zebra mussel,2006,-94.09,46.48
Unnamed wetland (Purgatory wetland),Hennepin,brittleleaf naiad,2014,-93.47,45.02
Unnamed wetland along Clearwater River,Stearns,Eurasian watermilfoil,1999,-94.59,45.53
Unnamed wetland connected to Paul Lake (56-0335),Otter Tail,zebra mussel,2013,-95.71,46.41
Unnamed wetland in the E 1/2 of S13 T117N R22W,Hennepin,zebra mussel,2010,-93.47,45.02
Unnamed wetland in the NE 1/4 of S20 T117N R21W,Hennepin,zebra mussel,2010,-93.47,45.02
Unnamed wetland in the NW 1/4 of S19 T117N R21W,Hennepin,zebra mussel,2010,-93.47,45.02
Unnamed wetland in the SE 1/4 of S11 and NE 1/4 of S14 T117N R22W,Hennepin,zebra mussel,2010,-93.47,45.02
Unnamed wetland in the SW 1/4 of S20 T117N R21W,Hennepin,zebra mussel,2010,-93.47,45.02
Unnamed wetland located  in the NE 1/4 of the SW 1/4  of S2 T46N R30W),Crow Wing,zebra mussel,2006,-94.09,46.48
Unnamed wetland located in S 16 T124N R39W,Pope,zebra mussel,2012,-95.44,45.6
Unnamed wetland located in S 20 and 21 T124N R39W,Pope,zebra mussel,2012,-95.44,45.6
Unnamed wetland located in S 20 T124N R39W,Pope,zebra mussel,2012,-95.44,45.6
Unnamed wetland located in S 9 and 16 T124N R39W,Pope,zebra mussel,2012,-95.44,45.6
Unnamed wetland located in S2 T143N R43W,Norman,faucet snail,2013,-96.46,47.33
Unnamed wetland NW 1/4 of S18 T117N R21W,Hennepin,zebra mussel,2010,-93.47,45.02
Upper Bottle,Hubbard,faucet snail,2019,-94.92,47.11
Upper Cormorant,Becker,zebra mussel,2019,-95.68,46.94
Upper Gull,Cass,zebra mussel,2010,-94.29,46.88
Upper Hay,Crow Wing,zebra mussel,2014,-94.09,46.48
Upper Maple,Wright,zebra mussel,2019,-93.89,45.2
Upper Mission,Crow Wing,Eurasian watermilfoil,2008,-94.09,46.48
Upper Pine,Pine,Eurasian watermilfoil,2022,-92.72,46.07
Upper Prior,Scott,Eurasian watermilfoil,2000,-93.6,44.68
Upper Prior,Scott,zebra mussel,2009,-93.6,44.68
Upper Sakatah,Le Sueur,flowering rush,2009,-93.78,44.37
Upper South Long,Crow Wing,Eurasian watermilfoil,2019,-94.09,46.48
Upper South Long,Crow Wing,zebra mussel,2021,-94.09,46.48
Upper Twin,Hubbard,faucet snail,2009,-94.92,47.11
Vadnais ,Ramsey,Eurasian watermilfoil,1995,-93.11,45.01
Vadnais,Ramsey,Eurasian watermilfoil,1995,-93.11,45.01
Vadnais,Ramsey,zebra mussel,2007,-93.11,45.01
Vadnais,Ramsey,zebra mussel,2007,-93.11,45.01
Venstrom,Otter Tail,zebra mussel,2014,-95.71,46.41
Vermilion,St. Louis,spiny waterflea,2015,-92.38,47.5
Victoria,Douglas,Eurasian watermilfoil,2017,-95.45,45.93
Victoria,Douglas,zebra mussel,2009,-95.45,45.93
Villard,Pope,zebra mussel,2020,-95.44,45.6
Virginia,Carver,Eurasian watermilfoil,1995,-93.77,44.81
Virginia,Carver,zebra mussel,2014,-93.77,44.81
Wabasso,Ramsey,Eurasian watermilfoil,1995,-93.11,45.01
Wabonica Creek from 500 feet upstream of State Highway 172 downstream to the Rainy River,Lake of the Woods,spiny waterflea,2007,-94.9,48.88
Waconia,Carver,Eurasian watermilfoil,1995,-93.77,44.81
Waconia,Carver,zebra mussel,2014,-93.77,44.81
Walker,Otter Tail,zebra mussel,2018,-95.71,46.41
Warroad River from 500 feet upstream of Highway 11 downstream to Lake of the Woods,Roseau,spiny waterflea,2007,-95.75,48.78
Washburn,Cass,Eurasian watermilfoil,2009,-94.29,46.88
Washington,Meeker,Eurasian watermilfoil,1999,-94.51,45.11
Washington,Meeker,zebra mussel,2015,-94.51,45.11
Wasserman,Carver,Eurasian watermilfoil,2001,-93.77,44.81
Watab Lake,Stearns,zebra mussel,2014,-94.59,45.53
Watab River from Watab Lake to the Mississippi River,Stearns,zebra mussel,2014,-94.59,45.53
Waverly,Wright,Eurasian watermilfoil,1995,-93.89,45.2
Waverly,Wright,zebra mussel,2021,-93.89,45.2
Weaver,Hennepin,Eurasian watermilfoil,2013,-93.47,45.02
Webster Slough,Murray,zebra mussel,2022,-95.77,44.02
Weigand,Wright,Eurasian watermilfoil,1999,-93.89,45.2
Wells,Rice,flowering rush,2007,-93.28,44.37
West Battle,Otter Tail,zebra mussel,2016,-95.71,46.41
West Fork Little Sioux River and its tributaries,Jackson,bighead carp,2012,-95.16,43.67
West Fork Little Sioux River and its tributaries,Jackson,silver carp,2012,-95.16,43.67
West Jefferson (DOW 40-0092-02),Le Sueur,Eurasian watermilfoil,2015,-93.78,44.37
West Lake Sylvia,Wright,starry stonewort,2016,-93.89,45.2
West Lake Sylvia,Wright,zebra mussel,2017,-93.89,45.2
West Lost,Otter Tail,zebra mussel,2017,-95.71,46.41
West McDonald,Otter Tail,zebra mussel,2019,-95.71,46.41
West Silent,Otter Tail,zebra mussel,2021,-95.71,46.41
West Sylvia,Wright,Eurasian watermilfoil,2008,-93.89,45.2
West Twin,St. Louis,spiny waterflea,2010,-92.38,47.5
Whaletail,Hennepin,Eurasian watermilfoil,1997,-93.47,45.02
Whiskey,Douglas,zebra mussel,2017,-95.45,45.93
White Bear,Washington,Eurasian watermilfoil,1995,-92.88,45.02
White Bear,Washington,zebra mussel,2014,-92.88,45.02
White Pine River,St. Louis,zebra mussel,2009,-92.38,47.5
White Sand,Crow Wing,Eurasian watermilfoil,2015,-94.09,46.48
Whitefish ,Crow Wing,zebra mussel,2014,-94.09,46.48
Willmar,Kandiyohi,zebra mussel,2022,-95.01,45.15
Wilmes,Washington,Eurasian watermilfoil,2007,-92.88,45.02
Winnibigoshish,Cass,faucet snail,2009,-94.29,46.88
Winnibigoshish,Cass,faucet snail,2009,-94.29,46.88
Winnibigoshish,Itasca,faucet snail,2009,-93.73,47.46
Winnibigoshish,Cass,zebra mussel,2013,-94.29,46.88
Winnibigoshish,Cass,zebra mussel,2013,-94.29,46.88
Winnibigoshish,Itasca,zebra mussel,2013,-93.73,47.46
Winona,Winona,Eurasian watermilfoil,2007,-91.78,44.02
Winter Road River from 500 feet upstream of State Highway 172 downstream to the Rainy River,Lake of the Woods,spiny waterflea,2007,-94.9,48.88
Wirth,Hennepin,Eurasian watermilfoil,1997,-93.47,45.02
Wolf,Meeker,Eurasian watermilfoil,2006,-94.51,45.11
Wolf,Beltrami,starry stonewort,2018,-95.01,47.98
Wolf,Beltrami,zebra mussel,2014,-95.01,47.98
Wolfe,Hennepin,Eurasian watermilfoil,2004,-93.47,45.02
Woman,Cass,zebra mussel,2021,-94.29,46.88
Wright,Otter Tail,zebra mussel,2017,-95.71,46.41
Zumbra,Carver,Eurasian watermilfoil,1995,-93.77,44.81
Zumbro,Olmsted,zebra mussel,2000,-92.38,44.02
Zumbro River downstream of Zumbro including 500 feet upstream into its tributaries,Wabasha,zebra mussel,2000,-92.21,44.28
Zumwalde,Stearns,zebra mussel,2018,-94.59,45.53
