,WaterBody,Counties,List of Aquatic Invasive Species,Year Listed Infested
0,Aaron,Douglas,zebra mussel,2020
1,Adley,Otter Tail,zebra mussel,2016
2,Agnes,Douglas,zebra mussel,2022
3,Alexander,Morrison,Eurasian watermilfoil,2004
4,Alexander,Morrison,zebra mussel,2019
5,Alice,Washington,Eurasian watermilfoil,2013
6,Alimagnet,Dakota,Eurasian watermilfoil,2014
7,Alstead Mine,Crow Wing,zebra mussel,2017
8,Alvin,Douglas,zebra mussel,2009
9,Amelia,Anoka,flowering rush,2014
10,Amelia,Pope,zebra mussel,2018
11,Amor,Otter Tail,zebra mussel,2019
12,Anderson?s Marsh,Jackson,bighead carp,2012
13,Anderson?s Marsh,Jackson,silver carp,2012
14,Andrew,Kandiyohi,Eurasian watermilfoil,2019
15,Andrew,Douglas,zebra mussel,2016
16,Andrew,Kandiyohi,zebra mussel,2018
17,Andrusia,Beltrami,zebra mussel,2014
18,Ann,Carver,brittleleaf naiad,2017
19,Ann,Carver,Eurasian watermilfoil,1995
20,Annie Battle,Otter Tail,zebra mussel,2018
21,Arbor North (NW 1/4 SW 1/4 S23 T119N R22W),Hennepin,Eurasian watermilfoil,2006
22,Arbor South (S 1/2 SW 1/4 S23 T119N R22W),Hennepin,Eurasian watermilfoil,2006
23,Arbor West,Hennepin,Eurasian watermilfoil,2006
24,Arco Mine,Crow Wing,zebra mussel,2017
25,Armour #2 Mine,Crow Wing,zebra mussel,2020
26,Armstrong Slough,Murray,zebra mussel,2022
27,Arrowhead,Hennepin,Eurasian watermilfoil,1996
28,Arrowhead,Crow Wing,zebra mussel,2014
29,Artlip,Lake,zebra mussel,2014
30,Ash River downstream of the northern section line of S8 T68N R19W,St. Louis,spiny waterflea,2007
31,Auburn,Carver,Eurasian watermilfoil,1995
32,Augusta,Wright,Eurasian watermilfoil,1995
33,Augusta,Multiple (Stearns and Wright),zebra mussel,2015
34,Bad Axe,Hubbard,Eurasian watermilfoil,2017
35,Bald Eagle,Ramsey,Eurasian watermilfoil,1995
36,Bald Eagle,Ramsey,flowering rush,2014
37,Bald Eagle,Ramsey,zebra mussel,2018
38,Ball Club,Itasca,zebra mussel,2020
39,Ballantyne,Blue Earth,Eurasian watermilfoil,2013
40,Barbour,Crow Wing,zebra mussel,2021
41,Barrett,Grant,zebra mussel,2018
42,Bass,Faribault,Eurasian watermilfoil,2019
43,Bass,Hennepin,Eurasian watermilfoil,1998
44,Bass,Anoka,flowering rush,2014
45,Bass,Crow Wing,zebra mussel,2022
46,Bass,Otter Tail,zebra mussel,2009
47,Bass (or Ray),Cass,zebra mussel,2010
48,Basswood,Lake,spiny waterflea,2014
49,Basswood River between Basswood Lake and Crooked Lake,Lake,spiny waterflea,2014
50,Baudette River from 500 feet upstream of Highway 11 downstream to the Rainy River ,Lake of the Woods,spiny waterflea,2007
51,Bavaria,Carver,Eurasian watermilfoil,1995
52,Baxter,Isanti,Eurasian watermilfoil,2018
53,Bay,Crow Wing,Eurasian watermilfoil,1995
54,Bay,Crow Wing,zebra mussel,2018
55,Bear,Carlton,Eurasian watermilfoil,2015
56,Beaudry,Sherburne,zebra mussel,2021
57,Beaver,Ramsey,Eurasian watermilfoil,2005
58,Becker,Stearns,zebra mussel,2018
59,Beebe,Wright,Eurasian watermilfoil,1995
60,Belle,McLeod,Eurasian watermilfoil,2018
61,Beltrami,Beltrami,starry stonewort,2019
62,Bemidji (main lake),Beltrami,starry stonewort,2022
63,Bemidji (main lake),Beltrami,zebra mussel,2018
64,Benedict,Hubbard,zebra mussel,2017
65,Bertha,Crow Wing,zebra mussel,2014
66,Big,Sherburne,Eurasian watermilfoil,2007
67,Big,Beltrami,zebra mussel,2021
68,Big,Sherburne,zebra mussel,2020
69,Big Birch,Todd and Stearns,zebra mussel,2016
70,Big Cormorant,Becker,zebra mussel,2015
71,Big Fish,Stearns,zebra mussel,2018
72,Big Fork River from 500 feet upstream of the public water access on Highway 11 downstream to the Rainy River,Koochiching,spiny waterflea,2007
73,Big Marine,Washington,Eurasian watermilfoil,2005
74,Big McDonald,Otter Tail,zebra mussel,2019
75,Big McDonald #2,Otter Tail,zebra mussel,2019
76,Big Pine,Aitkin,zebra mussel,2018
77,Big Pine,Crow Wing,zebra mussel,2014
78,Big Pine,Otter Tail,zebra mussel,2020
79,Big Rice,Beltrami,zebra mussel,2014
80,Big Sandy,Aitkin,flowering rush,2009
81,Big Trout,Crow Wing,zebra mussel,2014
82,Big Watab,Stearns,zebra mussel,2020
83,Birch,Ramsey,Eurasian watermilfoil,2006
84,Birch,Sherburne,Eurasian watermilfoil,2020
85,Birch,Wright,Eurasian watermilfoil,2019
86,Bird's Eye,Itasca,zebra mussel,2013
87,Bishop Creek between North Long and Round (also known as Sugar Bush Creek),Crow Wing,zebra mussel,2015
88,Bishop Creek between Round and Gull,Crow Wing,zebra mussel,2010
89,Black Bear,Crow Wing,zebra mussel,2006
90,Black River the south branch downstream of Highway 11 and the west branch downstream of Highway 147,Koochiching,spiny waterflea,2007
91,Black River the south branch downstream of Highway 11 and the west branch downstream of Highway 147,Koochiching,spiny waterflea,2007
92,Blackduck,Beltrami,faucet snail,2018
93,Blackhawk,Dakota,Eurasian watermilfoil,2017
94,Blacks,Sherburne,zebra mussel,2021
95,Blackwater,Itasca,faucet snail,2016
96,Blackwell,Douglas,zebra mussel,2021
97,Blanche,Otter Tail,zebra mussel,2018
98,Bloody,Murray,zebra mussel,2022
99,Blueberry,Wadena,faucet snail,2018
100,Bolfing,Stearns,zebra mussel,2017
101,Bone,Washington,Eurasian watermilfoil,2007
102,Bone,Washington,zebra mussel,2019
103,Boom,Crow Wing,zebra mussel,2006
104,Bottle,St. Louis,spiny waterflea,2014
105,Bottle River between Bottle Lake and Lac La Croix,St. Louis,spiny waterflea,2014
106,Boulder,Hubbard,faucet snail,2020
107,Bowen,Cass,starry stonewort,2022
108,Bowstring,Itasca,faucet snail,2015
109,Bowstring,Itasca,zebra mussel,2020
110,Bowstring River from Sand downstream to Rice ,Itasca,zebra mussel,2013
111,Breckenridge,Wilkin,zebra mussel,2013
112,Bridge,Dakota,Eurasian watermilfoil,2016
113,Brophy ,Douglas,zebra mussel,2011
114,Brown,Otter Tail,zebra mussel,2019
115,Brownie,Hennepin,Eurasian watermilfoil,1995
116,Bryant,Hennepin,brittleleaf naiad,2020
117,Bryant,Hennepin,Eurasian watermilfoil,1995
118,Bryant,Hennepin,zebra mussel,2015
119,Buchanan,Otter Tail,zebra mussel,2022
120,Buck,Becker,flowering rush,2009
121,Buck,Becker,zebra mussel,2012
122,Buck,Beltrami,zebra mussel,2014
123,Bucks Mill Pond,Becker,zebra mussel,2014
124,Buffalo,Wright,Eurasian watermilfoil,1999
125,Buffalo,Wright,zebra mussel,2022
126,Burandt,Carver,Eurasian watermilfoil,2004
127,Burandt,Carver,zebra mussel,2017
128,Burgen,Douglas,zebra mussel,2017
129,Burntside,St. Louis,spiny waterflea,2010
130,Burntside River between Burntside and Shagawa,St. Louis,spiny waterflea,2010
131,Bush,Hennepin,Eurasian watermilfoil,1995
132,Byllesby,Dakota,flowering rush,2016
133,Calhoun,Hennepin,Eurasian watermilfoil,1995
134,Calhoun,Kandiyohi,Eurasian watermilfoil,2010
135,Calhoun,Hennepin,zebra mussel,2018
136,Calhoun,Kandiyohi,zebra mussel,2014
137,Camp,Wright,Eurasian watermilfoil,2013
138,Camp Galilee,Washington,Eurasian watermilfoil,2007
139,Canisteo Pit,Itasca,zebra mussel,2022
140,Cannon,Rice,flowering rush,2007
141,Cannon River from Wells Lower Sakatah to the confluence  with the Straight River,Multiple (Goodhue and Rice),flowering rush,2007
142,Caribou (in the Boundary Waters Canoe Area just west of Pine),Cook,spiny waterflea,2007
143,Carlos,Douglas,Eurasian watermilfoil,2012
144,Carlos,Douglas,zebra mussel,2009
145,Carnelian,Stearns,starry stonewort,2020
146,Caroline,Wright,Eurasian watermilfoil,2009
147,Carr,Beltrami,zebra mussel,2018
148,Cass,Beltrami,starry stonewort,2016
149,Cass,Beltrami,zebra mussel,2014
150,Cate's,Scott,Eurasian watermilfoil,2007
151,Cedar,Hennepin,Eurasian watermilfoil,1995
152,Cedar,McLeod,Eurasian watermilfoil,2013
153,Cedar,Rice,Eurasian watermilfoil,2001
154,Cedar,Wright,Eurasian watermilfoil,2010
155,Cedar,Aitkin,zebra mussel,2021
156,Cedar,Wright,zebra mussel,2017
157,Cedar Island,Stearns,zebra mussel,2018
158,Cenaiko,Anoka,Eurasian watermilfoil,1995
159,Centerville,Anoka,Eurasian watermilfoil,1999
160,Charley,Douglas,zebra mussel,2014
161,Charley,Ramsey,zebra mussel,2007
162,Charlotte,Wright,Eurasian watermilfoil,2014
163,Chippewa,Douglas,zebra mussel,2017
164,Chisago,Chisago,Eurasian watermilfoil,2010
165,Christmas,Hennepin,Eurasian watermilfoil,1995
166,Christmas,Hennepin,zebra mussel,2014
167,Chub,Carlton,Eurasian watermilfoil,2009
168,Circle,Rice,Eurasian watermilfoil,2011
169,Clamshell,Crow Wing,zebra mussel,2014
170,Clark,Crow Wing,zebra mussel,2017
171,Clear,Jackson,bighead carp,2012
172,Clear,Meeker,Eurasian watermilfoil,2014
173,Clear,Waseca,Eurasian watermilfoil,2006
174,Clear,Washington,Eurasian watermilfoil,2007
175,Clear,Jackson,silver carp,2012
176,Clear,Crow Wing,zebra mussel,2022
177,Clearwater,Crow Wing,Eurasian watermilfoil,2011
178,Clearwater,Wright,Eurasian watermilfoil,1995
179,Clearwater,Multiple (Wright and Stearns),zebra mussel,2015
180,Clearwater River downstream of Clearwater including 500 feet upstream into its tributaries,Wright,Eurasian watermilfoil,1999
181,Clearwater River from Clearwater Lake to the Mississippi River,Multiple (Stearns and Wright),zebra mussel,2015
182,Clinker,Crow Wing,zebra mussel,2022
183,Clitherall,Otter Tail,zebra mussel,2021
184,Cloquet River from Island Lake to the St. Louis River,St. Louis,spiny waterflea,1995
185,Cobblestone,Dakota,Eurasian watermilfoil,2012
186,Colby,Washington,Eurasian watermilfoil,2012
187,Comfort,Chisago,Eurasian watermilfoil,2014
188,Comfort,Chisago,zebra mussel,2017
189,Constance,Wright,Eurasian watermilfoil,2016
190,Coon,Anoka,Eurasian watermilfoil,2004
191,Coon-Sandwick,Itasca,Eurasian watermilfoil,2014
192,County ditches connected to designated infested waters in Jackson County,Jackson,bighead carp,2012
193,County ditches connected to designated infested waters in Jackson County,Jackson,bighead carp,2012
194,County ditches connected to designated infested waters in Jackson County,Jackson,silver carp,2012
195,County ditches connected to designated infested waters in Jackson County,Jackson,silver carp,2012
196,Courthouse,Carver,Eurasian watermilfoil,2016
197,Cowdry (Cowdrey),Douglas,zebra mussel,2011
198,Crane,St. Louis,spiny waterflea,2007
199,Crooked,Anoka,Eurasian watermilfoil,1995
200,Crooked,Crow Wing,Eurasian watermilfoil,2018
201,Crooked,Lake,spiny waterflea,2014
202,Crooked,Douglas,zebra mussel,2022
203,Crooked,Lake,zebra mussel,2014
204,Crookneck,Morrison,Eurasian watermilfoil,2018
205,Crookneck,Morrison,zebra mussel,2018
206,Cross,Pine,Eurasian watermilfoil,2005
207,Cross,Crow Wing,zebra mussel,2014
208,Crow Wing River downstream of the confluence with the Long Prairie River to the Mississippi River ,Multiple (Cass and Morrison counties),zebra mussel,2009
209,Crow Wing River from Highway 87 in Hubbard County downstream to the confluence with the Mississippi River including 500 feet upstream into its tributaries  ,Multiple (Cass Hubbard Morrison Todd and Wadena),faucet snail,2010
210,Crystal,Dakota,Eurasian watermilfoil,1995
211,Crystal,Otter Tail,zebra mussel,2009
212,Curfman (Deadshot Bay),Becker,flowering rush,2007
213,Cut Foot Sioux,Itasca,faucet snail,2009
214,Cut Foot Sioux,Itasca,zebra mussel,2013
215,Dade,Cass,zebra mussel,2020
216,Daggett,Crow Wing,zebra mussel,2014
217,Darling,Douglas,zebra mussel,2009
218,Davies,Otter Tail,zebra mussel,2019
219,Dayton Hollow Reservoir,Otter Tail,zebra mussel,2013
220,Dead,Otter Tail,zebra mussel,2019
221,Dead River,St. Louis,spiny waterflea,2010
222,Deer,Wright,Eurasian watermilfoil,2000
223,Deer,Otter Tail,zebra mussel,2017
224,Deer,Wright,zebra mussel,2023
225,DeMontreville,Washington,Eurasian watermilfoil,2009
226,Detroit,Becker,flowering rush,2007
227,Detroit,Becker,zebra mussel,2016
228,Devil Track,Cook,spiny waterflea,2008
229,Devilfish,Cook,spiny waterflea,2016
230,Devils,Douglas,zebra mussel,2017
231,Dora,Itasca,zebra mussel,2017
232,Duck,Hennepin,Eurasian watermilfoil,2020
233,Duck,Hubbard,faucet snail,2019
234,Dutch,Hennepin,Eurasian watermilfoil,1995
235,Dutch,Wright,Eurasian watermilfoil,2016
236,Eagle,Carver,Eurasian watermilfoil,2001
237,Eagle,Sherburne,Eurasian watermilfoil,2006
238,Eagle,Becker,zebra mussel,2021
239,Eagle,Kandiyohi,zebra mussel,2018
240,Eagle,Otter Tail,zebra mussel,2019
241,Eagle,Stearns,zebra mussel,2019
242,Eagle (includes North and South Eagle),Blue Earth,Eurasian watermilfoil,2015
243,Eagle (includes Pike),Hennepin,Eurasian watermilfoil,1995
244,Earley,Dakota,Eurasian watermilfoil,2006
245,East Battle,Otter Tail,zebra mussel,2019
246,East Jefferson,Le Sueur,Eurasian watermilfoil,2004
247,East Lake Sylvia,Wright,zebra mussel,2016
248,East Loon,Otter Tail,zebra mussel,2018
249,East Lost,Otter Tail,zebra mussel,2017
250,East Mahnomen,Crow Wing,zebra mussel,2021
251,East Red River,Otter Tail,zebra mussel,2017
252,East Silent,Otter Tail,zebra mussel,2018
253,East Spirit,Otter Tail,zebra mussel,2016
254,East Sylvia (was Twin),Wright,Eurasian watermilfoil,2008
255,East Twin,St. Louis,spiny waterflea,2010
256,Edina,Hennepin,Eurasian watermilfoil,2017
257,Edina Mill Pond,Hennepin,zebra mussel,2010
258,Edward,Crow Wing,zebra mussel,2017
259,Egg,Itasca,faucet snail,2009
260,Egg,Itasca,zebra mussel,2013
261,Elk,Sherburne,Eurasian watermilfoil,2020
262,Elk,Grant,zebra mussel,2017
263,Elkhorn,Kandiyohi,Eurasian watermilfoil,2017
264,Elkhorn,Kandiyohi,zebra mussel,2018
265,Ellen,Chisago,Eurasian watermilfoil,1999
266,Ellingson,Grant,zebra mussel,2022
267,Elmo,Washington,Eurasian watermilfoil,2006
268,Ely,St. Louis,zebra mussel,2021
269,Emily,Crow Wing,Eurasian watermilfoil,2014
270,Emily,Pope,Eurasian watermilfoil,2014
271,Emily,Pope,zebra mussel,2012
272,Emma,Wright,Eurasian watermilfoil,2007
273,Erie,Meeker,Eurasian watermilfoil,2014
274,Eunice,Becker,zebra mussel,2015
275,Faille,Todd,zebra mussel,2016
276,Fall,Lake,spiny waterflea,2014
277,Fannie,Isanti,Eurasian watermilfoil,2019
278,Farm Island,Aitkin,zebra mussel,2020
279,Firemen?s,Carver,Eurasian watermilfoil,1997
280,First Crow Wing,Hubbard,faucet snail,2011
281,First River Lake,Itasca,faucet snail,2009
282,First River Lake,Itasca,zebra mussel,2013
283,Fish,Chisago,Eurasian watermilfoil,2007
284,Fish,Dakota,Eurasian watermilfoil,2009
285,Fish,Hennepin,Eurasian watermilfoil,1995
286,Fish,Wright,Eurasian watermilfoil,2004
287,Fish,St. Louis,spiny waterflea,1995
288,Fish,Hennepin,zebra mussel,2022
289,Fish,Otter Tail,zebra mussel,2009
290,Fish,Wright,zebra mussel,2006
291,Fish Trap,Morrison,zebra mussel,2015
292,Fish Trap Creek from Fish Trap Lake to the Long Prairie River,Multiple (Morrison and Todd),zebra mussel,2015
293,Florida,Kandiyohi,Eurasian watermilfoil,2009
294,Florida,Kandiyohi,zebra mussel,2016
295,Flour,Cook,spiny waterflea,2005
296,Floyd,Becker,zebra mussel,2018
297,Forest,Hennepin,Eurasian watermilfoil,1995
298,Forest,Washington,Eurasian watermilfoil,2015
299,Forest,Washington,flowering rush,2007
300,Forest,Hennepin,zebra mussel,2012
301,Forest,Washington,zebra mussel,2015
302,Fourth Crow Wing,Hubbard,faucet snail,2019
303,Fox,Rice,Eurasian watermilfoil,2009
304,Frances,Le Sueur,Eurasian watermilfoil,2017
305,Francis,Meeker,zebra mussel,2021
306,Franklin,Otter Tail,zebra mussel,2016
307,Fredrickson Slough,Sherburne,Eurasian watermilfoil,2018
308,Fremont,Murray,zebra mussel,2022
309,French,Aitkin,Eurasian watermilfoil,2019
310,French,Rice,Eurasian watermilfoil,2009
311,French,Wright,Eurasian watermilfoil,2002
312,Galpin,Hennepin,Eurasian watermilfoil,2001
313,Games,Kandiyohi,Eurasian watermilfoil,2014
314,Games,Kandiyohi,zebra mussel,2018
315,Garfield,Hubbard,zebra mussel,2017
316,Geneva,Douglas,Eurasian watermilfoil,2022
317,Geneva,Douglas,zebra mussel,2009
318,George,Anoka,Eurasian watermilfoil,1998
319,George,Olmsted,Eurasian watermilfoil,1995
320,George,Hubbard,faucet snail,2018
321,George,Mahnomen,faucet snail,2022
322,George,Kandiyohi,zebra mussel,2017
323,George Watch,Anoka,Eurasian watermilfoil,2016
324,German,Le Sueur,Eurasian watermilfoil,2004
325,Gervais,Ramsey,Eurasian watermilfoil,1995
326,Gervais Mill Pond,Ramsey,Eurasian watermilfoil,2014
327,Gilbert,Crow Wing,zebra mussel,2014
328,Gilbert Pit,St. Louis,Eurasian watermilfoil,1999
329,Gilbert Pit (Ore-be-gone),St. Louis,zebra mussel,2013
330,Gilchrist,Pope,Eurasian watermilfoil,1997
331,Gilchrist,Pope,zebra mussel,2019
332,Girl,Cass,Eurasian watermilfoil,2017
333,Girl,Cass,zebra mussel,2021
334,Goodview,Winona,Eurasian watermilfoil,2012
335,Goodview,Winona,zebra mussel,2018
336,Goose,Chisago,Eurasian watermilfoil,2016
337,Goose,Washington,Eurasian watermilfoil,2018
338,Goose,Wright,Eurasian watermilfoil,2000
339,Goose,Wright,zebra mussel,2023
340,Grand,Stearns,starry stonewort,2017
341,Grand,Stearns,zebra mussel,2022
342,Granite,Wright,Eurasian watermilfoil,2010
343,Granite,Wright,flowering rush,2018
344,Grants,Douglas,flowering rush,2019
345,Grants,Douglas,zebra mussel,2019
346,Grass,Multiple (Stearns and Wright),zebra mussel,2015
347,Gray's Bay Outlet (wetland),Hennepin,zebra mussel,2010
348,Great Northern,Stearns,zebra mussel,2018
349,Green,Chisago,Eurasian watermilfoil,1995
350,Green,Isanti,Eurasian watermilfoil,2000
351,Green,Kandiyohi,Eurasian watermilfoil,2000
352,Green,Kandiyohi,zebra mussel,2014
353,Green's,Cass,zebra mussel,2010
354,Greenwood,Cook,spiny waterflea,2005
355,Grill Lake,Douglas,zebra mussel,2014
356,Grovers,Jackson,bighead carp,2012
357,Grovers,Jackson,silver carp,2012
358,Guernsey,Todd,zebra mussel,2016
359,Gull,Cass,zebra mussel,2010
360,Gull,Cass,zebra mussel,2010
361,Gull River,Cass,zebra mussel,2010
362,Gunflint,Cook,spiny waterflea,2007
363,Hale,Itasca,Eurasian watermilfoil,2014
364,Half-Moon,Crow Wing,zebra mussel,2006
365,Ham ,Anoka,Eurasian watermilfoil,2014
366,Hand,Cass,zebra mussel,2019
367,Hanks,Crow Wing,Eurasian watermilfoil,2019
368,Harriet,Hennepin,Eurasian watermilfoil,1995
369,Harriet,Hennepin,zebra mussel,2017
370,Hart,Itasca,flowering rush,2007
371,Henchien,Kandiyohi,zebra mussel,2018
372,Henderson,Kandiyohi,Eurasian watermilfoil,2018
373,Henderson,Kandiyohi,zebra mussel,2021
374,Henry,Douglas,zebra mussel,2022
375,Hiawatha,Hennepin,Eurasian watermilfoil,1995
376,Hiawatha  ,Hennepin,zebra mussel,2010
377,Highland,Itasca,flowering rush,2021
378,Holland,Dakota,Eurasian watermilfoil,2009
379,Holman,Itasca,flowering rush,2009
380,Holt,Crow Wing,zebra mussel,2021
381,Hooper Creek from 500 feet upstream of State Highway 172 downstream to the Rainy River,Lake of the Woods,spiny waterflea,2007
382,Hoot,Otter Tail,zebra mussel,2017
383,Horseshoe,St. Louis,Eurasian watermilfoil,2000
384,Horseshoe,Stearns,Eurasian watermilfoil,2021
385,Horseshoe,Washington,Eurasian watermilfoil,2013
386,Horseshoe,Le Sueur,flowering rush,2014
387,Horseshoe,Crow Wing,zebra mussel,2021
388,Horseshoe,Stearns,zebra mussel,2018
389,Houghtaling Creek downstream of the mouth of the unnamed creek draining Artlip Lake,Lake,zebra mussel,2014
390,Howard,Wright,Eurasian watermilfoil,2004
391,Hubert,Crow Wing,zebra mussel,2016
392,Hunt,Rice,Eurasian watermilfoil,2015
393,Huntington Mine,Crow Wing,zebra mussel,2016
394,Husen Marsh,Jackson,bighead carp,2012
395,Husen Marsh,Jackson,silver carp,2012
396,Hydes,Carver,Eurasian watermilfoil,2014
397,Ice,Itasca,Eurasian watermilfoil,1999
398,Ida,Becker,zebra mussel,2015
399,Ida,Douglas,zebra mussel,2013
400,Illinois,Jackson,bighead carp,2012
401,Illinois,Jackson,silver carp,2012
402,Independence,Hennepin,Eurasian watermilfoil,1995
403,Independence,Hennepin,zebra mussel,2014
404,Indian,Nobles,bighead carp,2012
405,Indian,Douglas,Eurasian watermilfoil,2018
406,Indian,Wright,Eurasian watermilfoil,2004
407,Indian,Nobles,silver carp,2012
408,Indian,Otter Tail,zebra mussel,2019
409,Irene,Douglas,zebra mussel,2012
410,Iron,St. Louis,spiny waterflea,2014
411,Irving,Beltrami,zebra mussel,2018
412,Isabelle,Dakota,zebra mussel,2018
413,Island,Anoka,Eurasian watermilfoil,2022
414,Island,Ramsey,Eurasian watermilfoil,1995
415,Island,St. Louis,spiny waterflea,1995
416,Island,Crow Wing,zebra mussel,2014
417,Jane,Washington,Eurasian watermilfoil,2012
418,Jay Gould,Itasca,zebra mussel,2019
419,Jefferson,Le Sueur,Eurasian watermilfoil,2015
420,Jefferson,Le Sueur,Eurasian watermilfoil,2015
421,Jefferson,Le Sueur,Eurasian watermilfoil,2015
422,Jefferson,Le Sueur,Eurasian watermilfoil,2015
423,Jessie,Douglas,zebra mussel,2009
424,Jewett,Otter Tail,zebra mussel,2018
425,Johanna,Ramsey,Eurasian watermilfoil,2016
426,Johanna,Ramsey,zebra mussel,2018
427,John,Wright,Eurasian watermilfoil,2011
428,John,Wright,zebra mussel,2015
429,Johnson Creek from the Rainy River upstream to 500 feet beyond the first road crossing,Lake of the Woods,spiny waterflea,2007
430,Jolly Ann,Otter Tail,zebra mussel,2020
431,Jonathan,Carver,Eurasian watermilfoil,2016
432,Josephine,Ramsey,Eurasian watermilfoil,2013
433,Judicial Ditch No. 35 from S14 T102N R36W to Rush,Jackson,bighead carp,2012
434,Judicial Ditch No. 35 from S14 T102N R36W to Rush,Jackson,silver carp,2012
435,Judicial Ditch No. 8 between Clear and Loon,Jackson,bighead carp,2012
436,Judicial Ditch No. 8 between Clear and Loon,Jackson,silver carp,2012
437,Judicial ditches connected to designated infested waters in Jackson County,Jackson,bighead carp,2012
438,Judicial ditches connected to designated infested waters in Jackson County,Jackson,bighead carp,2012
439,Judicial ditches connected to designated infested waters in Jackson County,Jackson,silver carp,2012
440,Judicial ditches connected to designated infested waters in Jackson County,Jackson,silver carp,2012
441,Juergens,Todd,zebra mussel,2017
442,Kabetogama,St. Louis,spiny waterflea,2007
443,Keller,Dakota,Eurasian watermilfoil,2006
444,Keller,Ramsey,Eurasian watermilfoil,1995
445,Kelser's Pond,Carver,Eurasian watermilfoil,2009
446,Kerbs,Otter Tail,zebra mussel,2013
447,Kimball,Crow Wing,Eurasian watermilfoil,2007
448,Kimball,Crow Wing,zebra mussel,2016
449,Kitchi,Beltrami,zebra mussel,2014
450,Knaus,Stearns,zebra mussel,2017
451,Knife,Kanabec,Eurasian watermilfoil,1995
452,Knife,Kanabec,faucet snail,2016
453,Kohlmans,Ramsey,Eurasian watermilfoil,2000
454,Koronis,Stearns,zebra mussel,2022
455,Koronis (includes Mud),Stearns,starry stonewort,2015
456,Koronis (main lake),Stearns,starry stonewort,2015
457,Krays,Stearns,zebra mussel,2017
458,Kroon,Chisago,Eurasian watermilfoil,2021
459,Lac La Croix,St. Louis,spiny waterflea,2009
460,Lac Lavon,Dakota,brittleleaf naiad,2007
461,Lac Lavon,Dakota,Eurasian watermilfoil,1995
462,Lake of the Isles,Hennepin,Eurasian watermilfoil,2007
463,Lake of the Woods,Lake of the Woods,spiny waterflea,2007
464,Lake of the Woods,Lake of the Woods,spiny waterflea,2007
465,Lake of the Woods,Lake of the Woods,spiny waterflea,2007
466,Lake of the Woods,Lake of the Woods,zebra mussel,2019
467,Lakewood Cemetery,Hennepin,Eurasian watermilfoil,2007
468,Langdon,Hennepin,Eurasian watermilfoil,2019
469,Langton,Ramsey,Eurasian watermilfoil,2008
470,Latoka,Douglas,zebra mussel,2014
471,Le Homme Dieu,Douglas,Eurasian watermilfoil,2012
472,Le Homme Dieu,Douglas,zebra mussel,2009
473,Leech,Cass,Eurasian watermilfoil,2005
474,Leech,Cass,starry stonewort,2021
475,Leech,Cass,zebra mussel,2016
476,Leech Lake River between Mud Lake and Mississippi River,Cass,faucet snail,2010
477,Leek,Otter Tail,zebra mussel,2021
478,Leif,Becker,zebra mussel,2021
479,Leven,Pope,zebra mussel,2021
480,Libbs,Hennepin,Eurasian watermilfoil,1995
481,Libbs,Hennepin,zebra mussel,2012
482,Lida (North and South),Otter Tail,zebra mussel,2014
483,Lida (North and South),Otter Tail,zebra mussel,2014
484,Limestone,Wright,zebra mussel,2022
485,Linn,Chisago,Eurasian watermilfoil,2022
486,Linwood,Anoka,Eurasian watermilfoil,2014
487,Little,Chisago,Eurasian watermilfoil,2022
488,Little Birch,Todd,Eurasian watermilfoil,2004
489,Little Birch,Todd,zebra mussel,2016
490,Little Chippewa,Douglas,zebra mussel,2017
491,Little Comfort,Chisago,Eurasian watermilfoil,2021
492,Little Comfort,Chisago,zebra mussel,2017
493,Little Cut Foot,Itasca,faucet snail,2009
494,Little Cut Foot,Itasca,zebra mussel,2013
495,Little Elk,Sherburne,Eurasian watermilfoil,2004
496,Little Fork River from 100 feet upstream of Highway 11 downstream to the Rainy River,Koochiching,spiny waterflea,2007
497,Little Hanging Horn,Carlton,Eurasian watermilfoil,2016
498,Little Horseshoe,Chisago,Eurasian watermilfoil,2015
499,Little Jay Gould,Itasca,zebra mussel,2019
500,Little John ,Cook,spiny waterflea,2009
501,Little Long,Hennepin,Eurasian watermilfoil,1995
502,Little Mary,Wright,Eurasian watermilfoil,2007
503,Little McDonald,Otter Tail,zebra mussel,2013
504,Little Mud,Meeker,Eurasian watermilfoil,2009
505,Little Osakis,Todd,zebra mussel,2016
506,Little Pelican,Otter Tail,flowering rush,2021
507,Little Pelican,Otter Tail,zebra mussel,2009
508,Little Pine,Aitkin,zebra mussel,2020
509,Little Pine,Crow Wing,zebra mussel,2014
510,Little Pine,Otter Tail,zebra mussel,2020
511,Little Rabbit,Crow Wing,zebra mussel,2006
512,Little Red Sand,Cass,zebra mussel,2020
513,Little Rice,Beltrami,zebra mussel,2014
514,Little Rock,Benton,zebra mussel,2006
515,Little Rock Lake Channel,Benton,zebra mussel,2006
516,Little Rose,Otter Tail,zebra mussel,2021
517,Little Sand,Itasca,zebra mussel,2013
518,Little Sauk,Todd,zebra mussel,2017
519,Little Sioux River and its tributaries,Jackson,bighead carp,2012
520,Little Sioux River and its tributaries,Jackson,silver carp,2012
521,Little Spirit,Jackson,bighead carp,2012
522,Little Spirit,Jackson,silver carp,2012
523,Little Vermilion,St. Louis,spiny waterflea,2007
524,Little Waverly,Wright,Eurasian watermilfoil,1995
525,Little Waverly,Wright,zebra mussel,2021
526,Little Winnibigoshish,Itasca,faucet snail,2010
527,Little Winnibigoshish,Itasca,zebra mussel,2013
528,Lizzie,Otter Tail,zebra mussel,2009
529,Lizzie,Otter Tail,zebra mussel,2009
530,Lobster,Douglas,zebra mussel,2014
531,Locke,Anoka,Eurasian watermilfoil,2021
532,Locke,Wright,Eurasian watermilfoil,2011
533,Locke,Wright,zebra mussel,2021
534,Loeb,Ramsey,Eurasian watermilfoil,2004
535,Lomond,Clearwater,zebra mussel,2019
536,Long,Hennepin,Eurasian watermilfoil,1995
537,Long,Isanti,Eurasian watermilfoil,2007
538,Long,Ramsey,Eurasian watermilfoil,2015
539,Long,Washington,Eurasian watermilfoil,2006
540,Long,Washington,Eurasian watermilfoil,2009
541,Long,Washington,Eurasian watermilfoil,2008
542,Long,Washington,Eurasian watermilfoil,2016
543,Long,Hubbard,faucet snail,2017
544,Long,Becker,zebra mussel,2020
545,Long,Hubbard,zebra mussel,2020
546,Long,Kandiyohi,zebra mussel,2022
547,Long,Otter Tail,zebra mussel,2018
548,Long,Otter Tail,zebra mussel,2018
549,Long,Ramsey,zebra mussel,2019
550,Long,Stearns,zebra mussel,2021
551,Long (Tame Fish),Crow Wing,Eurasian watermilfoil,2010
552,Long / Tame Fish,Crow Wing,zebra mussel,2020
553,Long Lake,Douglas,zebra mussel,2014
554,Long Prairie River including 500 feet upstream into its tributaries ,Multiple (Cass Douglas Morrison and Todd),zebra mussel,2009
555,Loon,Jackson,bighead carp,2012
556,Loon,Jackson,silver carp,2012
557,Loon,St. Louis,spiny waterflea,2009
558,Loon (Island-Loon),Crow Wing,zebra mussel,2014
559,Loon Creek between Loon and Spirit,Jackson,bighead carp,2012
560,Loon Creek between Loon and Spirit,Jackson,silver carp,2012
561,Lottie (Taylor),Douglas,zebra mussel,2011
562,Lotus,Carver,brittleleaf naiad,2017
563,Lotus,Carver,Eurasian watermilfoil,1995
564,Lotus,Hennepin,zebra mussel,2019
565,Louisa,Wright,Eurasian watermilfoil,2022
566,Louise,Douglas,zebra mussel,2014
567,Louise Mine,Crow Wing,Eurasian watermilfoil,2009
568,Louise Mine,Crow Wing,zebra mussel,2020
569,Love,Crow Wing,zebra mussel,2010
570,Lower Cullen,Crow Wing,zebra mussel,2016
571,Lower Hay,Crow Wing,zebra mussel,2014
572,Lower Mission,Crow Wing,Eurasian watermilfoil,2008
573,Lower Orono,Sherburne,zebra mussel,2020
574,Lower Prior,Scott,Eurasian watermilfoil,1995
575,Lower Prior,Scott,zebra mussel,2009
576,Lower Spunk,Stearns,Eurasian watermilfoil,2014
577,Lower Twin,Wadena,faucet snail,2009
578,Lower Watab,Stearns,zebra mussel,2014
579,Lucy,Carver,Eurasian watermilfoil,2007
580,Lundsten,Carver,Eurasian watermilfoil,2019
581,Lura,Blue Earth,Eurasian watermilfoil,2005
582,Madison,Blue Earth,Eurasian watermilfoil,2010
583,Magda,Hennepin,Eurasian watermilfoil,2015
584,Mahnomen,Crow Wing,zebra mussel,2021
585,Mahnomen Mine #1,Crow Wing,zebra mussel,2017
586,Mahnomen Mine #2,Crow Wing,zebra mussel,2017
587,Mahnomen Mine #3,Crow Wing,zebra mussel,2017
588,Mandall,Chisago,Eurasian watermilfoil,2021
589,Mangan Mine Pit,Crow Wing,zebra mussel,2016
590,Mantrap,Hubbard,Eurasian watermilfoil,2020
591,Manuella,Meeker,Eurasian watermilfoil,2006
592,Maple,Wright,Eurasian watermilfoil,2007
593,Maple,Wright,Eurasian watermilfoil,2007
594,Maple,Douglas,zebra mussel,2014
595,Maple (Northeast Bay),Wright,zebra mussel,2019
596,Maple (Upper Maple),Wright,flowering rush,2015
597,Maple (Upper Maple),Wright,flowering rush,2015
598,Margaret,Cass,zebra mussel,2010
599,Marie,Stearns,Eurasian watermilfoil,2017
600,Marion,Dakota,Eurasian watermilfoil,1998
601,Marion,Dakota,zebra mussel,2017
602,Marquette,Beltrami,zebra mussel,2018
603,Marshan,Anoka,Eurasian watermilfoil,2010
604,Mary,Crow Wing,Eurasian watermilfoil,2017
605,Mary,Todd,Eurasian watermilfoil,2018
606,Mary,Wright,Eurasian watermilfoil,1997
607,Mary,Douglas,zebra mussel,2014
608,Maud,Becker,zebra mussel,2016
609,Mazaska,Rice,Eurasian watermilfoil,2010
610,McCarron,Ramsey,Eurasian watermilfoil,2000
611,McCarron,Ramsey,zebra mussel,2019
612,McColl,Scott,Eurasian watermilfoil,2009
613,McCormack,St. Louis,Eurasian watermilfoil,2013
614,McCraney,Mahnomen,faucet snail,2015
615,McDonough,Dakota,Eurasian watermilfoil,2016
616,McFarland,Cook,spiny waterflea,2005
617,McKinney,Itasca,Eurasian watermilfoil,1999
618,McMahon,Scott,Eurasian watermilfoil,2007
619,Meadowbrook,Hennepin,zebra mussel,2010
620,Medicine,Hennepin,Eurasian watermilfoil,1995
621,Medicine,Hennepin,starry stonewort,2018
622,Medicine,Hennepin,zebra mussel,2017
623,Melissa,Becker,flowering rush,2007
624,Melissa,Becker,zebra mussel,2014
625,Melrose,Stearns,zebra mussel,2018
626,Mesabi Mt. Pit,St. Louis,zebra mussel,2019
627,Middle,Otter Tail,zebra mussel,2020
628,Middle Cormorant,Becker,zebra mussel,2019
629,Middle Jefferson,Le Sueur,Eurasian watermilfoil,2010
630,Middle Pomme de Terre,Stevens,zebra mussel,2018
631,Middle Spunk,Stearns,Eurasian watermilfoil,2014
632,Mill,Becker,flowering rush,2009
633,Mill Lake,Douglas,zebra mussel,2014
634,Mill Pond,Becker,zebra mussel,2014
635,Mille Lacs,Mille Lacs,Eurasian watermilfoil,1999
636,Mille Lacs,Mille Lacs,spiny waterflea,2009
637,Mille Lacs,Mille Lacs,zebra mussel,2006
638,Mille Lacs tributaries from their mouths upstream to the posted boundaries,Multiple (Aitkin Crow Wing and Mille Lacs),Eurasian watermilfoil,1999
639,Mille Lacs tributaries from their mouths upstream to the posted boundaries,Multiple (Aitkin Crow Wing and Mille Lacs),spiny waterflea,2009
640,Mille Lacs tributaries from their mouths upstream to the posted boundaries,Multiple (Aitkin Crow Wing and Mille Lacs),zebra mussel,2006
641,Miller,Carver,zebra mussel,2018
642,Miller,Crow Wing,zebra mussel,2006
643,Miller Creek from 500 feet upstream of State Highway 172 downstream to the Rainy River,Lake of the Woods,spiny waterflea,2007
644,Miltona,Douglas,zebra mussel,2013
645,Mina,Douglas,zebra mussel,2014
646,Mineral,Otter Tail,zebra mussel,2019
647,Mink,Wright,Eurasian watermilfoil,2004
648,Mink,Wright,Eurasian watermilfoil,2014
649,Mink,Wright,zebra mussel,2023
650,Minnehaha Creek,Hennepin,Eurasian watermilfoil,1995
651,Minnehaha Creek,Hennepin,Eurasian watermilfoil,2007
652,Minnehaha Creek,Hennepin,flowering rush,2009
653,Minnehaha Creek,Hennepin,flowering rush,2009
654,Minnehaha Creek between Minnetonka and Nokomis,Hennepin,zebra mussel,2010
655,Minnehaha Creek between Minnetonka and Nokomis,Hennepin,zebra mussel,2010
656,Minnehaha Marsh,Hennepin,zebra mussel,2010
657,Minnesota River,Multiple (Chippewa Yellow Medicine Renville Redwood Brown Nicollet Sibley Blue Earth Le Sueur Scott Carver Hennepin Dakota Ramsey),bighead carp,2017
658,Minnesota River,Multiple (Chippewa Yellow Medicine Renville Redwood Brown Nicollet Sibley Blue Earth Le Sueur Scott Carver Hennepin Dakota Ramsey),grass carp,2017
659,Minnesota River,Big Stone Lac Qui Parle Swift Chippewa Yellow Medicine Renville Redwood Brown Nicollet Sibley Blue Earth Le Sueur Scott Carver Hennepin Dakota Ramsey,zebra mussel,2017
660,Minnesota River,Multiple (Big Stone Lac Qui Parle Swift Chippewa Yellow Medicine Renville Redwood Brown Nicollet Sibley Blue Earth Le Sueur Scott Carver Hennepin Dakota Ramsey),zebra mussel,2017
661,Minnesota River,Multiple (Big Stone Lac Qui Parle Swift Chippewa Yellow Medicine Renville Redwood Brown Nicollet Sibley Blue Earth Le Sueur Scott Carver Hennepin Dakota Ramsey),zebra mussel,2017
662,Minnesota River,Multiple (Big Stone Lac Qui Parle Swift Chippewa Yellow Medicine Renville Redwood Brown Nicollet Sibley Blue Earth Le Sueur Scott Carver Hennepin Dakota Ramsey),zebra mussel,2017
663,Minnesota River,Multiple (Big Stone Lac Qui Parle Swift Chippewa Yellow Medicine Renville Redwood Brown Nicollet Sibley Blue Earth Le Sueur Scott Carver Hennepin Dakota Ramsey),zebra mussel,2017
664,Minnesota River,Multiple (Big Stone Lac Qui Parle Swift Chippewa Yellow Medicine Renville Redwood Brown Nicollet Sibley Blue Earth Le Sueur Scott Carver Hennepin Dakota Ramsey),zebra mussel,2017
665,Minnesota River,Multiple (Big Stone Lac Qui Parle Swift Chippewa Yellow Medicine Renville Redwood Brown Nicollet Sibley Blue Earth Le Sueur Scott Carver Hennepin Dakota Ramsey),zebra mussel,2017
666,Minnesota River - Granite Falls,Yellow Medicine,zebra mussel,2016
667,Minnesota River - Lac Qui Parle,Lac qui Parle Chippewa Swift,zebra mussel,2016
668,Minnesota River - Minnesota Falls,Multiple (Big Stone Lac Qui Parle Swift Chippewa Yellow Medicine Renville Redwood Brown Nicollet Sibley Blue Earth Le Sueur Scott Carver Hennepin Dakota Ramsey),zebra mussel,2017
669,Minnetonka,Hennepin,Eurasian watermilfoil,1995
670,Minnetonka,Hennepin,flowering rush,2009
671,Minnetonka,Hennepin,zebra mussel,2010
672,Minnewashta,Carver,Eurasian watermilfoil,1995
673,Minnewashta,Carver,zebra mussel,2016
674,Minnewaska,Pope,Eurasian watermilfoil,1998
675,Minnewaska,Pope,starry stonewort,2017
676,Minnewaska,Pope,zebra mussel,2012
677,Minnie-Belle,Meeker,Eurasian watermilfoil,2010
678,Minnie-Belle,Meeker,zebra mussel,2020
679,Mississippi River -  U.S. Lock & Dam #3 Pool (main channel),Goodhue,flowering rush,2021
680,Mississippi River -  U.S. Lock & Dam #3 Pool (WI),Multiple,flowering rush,2021
681,Mississippi River -  U.S. Lock & Dam #4 Pool,Multiple,faucet snail,2016
682,Mississippi River -  U.S. Lock & Dam #4 Pool,multiple,flowering rush,2020
683,Mississippi River -  U.S. Lock & Dam #5 Pool (main channel),Multiple,faucet snail,2016
684,Mississippi River -  U.S. Lock & Dam #5 Pool (main channel),multiple,flowering rush,2020
685,Mississippi River -  U.S. Lock & Dam #5A Pool (main channel),Multiple,faucet snail,2016
686,Mississippi River -  U.S. Lock & Dam #5A Pool (main channel),multiple,flowering rush,2021
687,Mississippi River -  U.S. Lock & Dam #6 Pool,Multiple,faucet snail,2016
688,Mississippi River -  U.S. Lock & Dam #6 Pool,multiple,flowering rush,2021
689,Mississippi River -  U.S. Lock & Dam #6 Pool (WI),NOT IN MN,bighead carp,2012
690,Mississippi River -  U.S. Lock & Dam #6 Pool (WI),NOT IN MN,Eurasian watermilfoil,2007
691,Mississippi River -  U.S. Lock & Dam #6 Pool (WI),NOT IN MN,grass carp,2015
692,Mississippi River -  U.S. Lock & Dam #6 Pool (WI),NOT IN MN,silver carp,2012
693,Mississippi River -  U.S. Lock & Dam #6 Pool (WI),NOT IN MN,zebra mussel,2007
694,Mississippi River -  U.S. Lock & Dam #7 Pool,Winona,bighead carp,2012
695,Mississippi River -  U.S. Lock & Dam #7 Pool,Winona,Eurasian watermilfoil,2007
696,Mississippi River -  U.S. Lock & Dam #7 Pool,Winona,faucet snail,2013
697,Mississippi River -  U.S. Lock & Dam #7 Pool,multiple,flowering rush,2021
698,Mississippi River -  U.S. Lock & Dam #7 Pool,Winona,grass carp,2015
699,Mississippi River -  U.S. Lock & Dam #7 Pool,Winona,silver carp,2012
700,Mississippi River -  U.S. Lock & Dam #7 Pool,Winona,zebra mussel,2007
701,Mississippi River -  U.S. Lock & Dam #8 Pool,Houston,bighead carp,2012
702,Mississippi River -  U.S. Lock & Dam #8 Pool,Houston,Eurasian watermilfoil,2007
703,Mississippi River -  U.S. Lock & Dam #8 Pool,Houston,faucet snail,2013
704,Mississippi River -  U.S. Lock & Dam #8 Pool,multiple,flowering rush,2020
705,Mississippi River -  U.S. Lock & Dam #8 Pool,Houston,grass carp,2015
706,Mississippi River -  U.S. Lock & Dam #8 Pool,Houston,silver carp,2012
707,Mississippi River -  U.S. Lock & Dam #8 Pool,Houston,zebra mussel,2007
708,Mississippi River -  U.S. Lock & Dam #9 Pool,Houston,flowering rush,2021
709,Mississippi River - Blackbird Slough,Winona,bighead carp,2012
710,Mississippi River - Blackbird Slough,Winona,Eurasian watermilfoil,2007
711,Mississippi River - Blackbird Slough,Winona,grass carp,2015
712,Mississippi River - Blackbird Slough,Winona,silver carp,2012
713,Mississippi River - Blackbird Slough,Winona,zebra mussel,2007
714,Mississippi River - Blandin Reservoir,Itasca,zebra mussel,2018
715,Mississippi River - Stump,Beltrami,zebra mussel,2018
716,Mississippi River - Sturgeon,Goodhue,bighead carp,2012
717,Mississippi River - Sturgeon,Goodhue,Eurasian watermilfoil,2007
718,Mississippi River - Sturgeon,Goodhue,grass carp,2015
719,Mississippi River - Sturgeon,Goodhue,silver carp,2012
720,Mississippi River - Sturgeon,Goodhue,zebra mussel,2007
721,Mississippi River - Twin,Goodhue,bighead carp,2012
722,Mississippi River - Twin,Goodhue,Eurasian watermilfoil,2007
723,Mississippi River - Twin,Goodhue,grass carp,2015
724,Mississippi River - Twin,Goodhue,silver carp,2012
725,Mississippi River - Twin,Goodhue,zebra mussel,2007
726,Mississippi River - West Newton Chute,Wabasha,bighead carp,2012
727,Mississippi River - West Newton Chute,Wabasha,Eurasian watermilfoil,2007
728,Mississippi River - West Newton Chute,Wabasha,grass carp,2015
729,Mississippi River - West Newton Chute,Wabasha,silver carp,2012
730,Mississippi River - West Newton Chute,Wabasha,zebra mussel,2007
731,Mississippi River between Wolf Andrusia Cass and  Winnibigoshish,Multiple (Beltrami Cass and Itasca),zebra mussel,2014
732,Mississippi River from the Knutson Dam downstream to Little Winnibigoshish Lake (31-0850) ,Multiple (Beltrami Cass and Itasca),zebra mussel,2013
733,Mississippi River from the Knutson Dam downstream to Little Winnibigoshish Lake (31-0850),Multiple (Beltrami Cass and Itasca),zebra mussel,2013
734,Mississippi River from 500 feet upstream of the mouth of the Pine River in Crow Wing County to Upper St. Anthony Falls including 500 feet upstream into its tributaries,Multiple,zebra mussel,2007
735,Mississippi River from the Knutson Dam downstream to Lake Winnibigoshish and between Lake Winnibigoshish and the confluence of the main channel of the Mississippi River and White Oak Lake branch of the Mississippi River in the SE1/4 of the NW1/4 of Sect,Multiple (Beltrami Cass and Itasca),faucet snail,2009
736,Mississippi River Pool 1,Multiple,bighead carp,2015
737,Mississippi River Pool 1,Multiple,Eurasian watermilfoil,1995
738,Mississippi River Pool 1,Multiple,Eurasian watermilfoil,2007
739,Mississippi River Pool 1,Multiple,Eurasian watermilfoil,2007
740,Mississippi River Pool 1,Multiple,grass carp,2015
741,Mississippi River Pool 1,Multiple,silver carp,2015
742,Mississippi River Pool 1 including 500 feet upstream into its tributaries,Multiple,zebra mussel,1995
743,Mississippi River Pool 1 including 500 feet upstream into its tributaries,Multiple,zebra mussel,1995
744,Mississippi River Pool 1 including 500 feet upstream into its tributaries,Multiple,zebra mussel,1995
745,Mississippi River Pool 2,Multiple,bighead carp,2012
746,Mississippi River Pool 2,Multiple,bighead carp,2012
747,Mississippi River Pool 2,Multiple,bighead carp,2012
748,Mississippi River Pool 2,Multiple,bighead carp,2012
749,Mississippi River Pool 2,Multiple,bighead carp,2012
750,Mississippi River Pool 2,Multiple,bighead carp,2012
751,Mississippi River Pool 2,Multiple,Eurasian watermilfoil,1995
752,Mississippi River Pool 2,Multiple,Eurasian watermilfoil,1995
753,Mississippi River Pool 2,Multiple,Eurasian watermilfoil,1995
754,Mississippi River Pool 2,Multiple,Eurasian watermilfoil,1995
755,Mississippi River Pool 2,Multiple,Eurasian watermilfoil,1995
756,Mississippi River Pool 2,Multiple,Eurasian watermilfoil,1995
757,Mississippi River Pool 2,Multiple,flowering rush,2015
758,Mississippi River Pool 2,Multiple,flowering rush,2015
759,Mississippi River Pool 2,Multiple,flowering rush,2015
760,Mississippi River Pool 2,Multiple,flowering rush,2015
761,Mississippi River Pool 2,Multiple,flowering rush,2015
762,Mississippi River Pool 2,Multiple,flowering rush,2015
763,Mississippi River Pool 2,Multiple,grass carp,2015
764,Mississippi River Pool 2,Multiple,grass carp,2015
765,Mississippi River Pool 2,Multiple,grass carp,2015
766,Mississippi River Pool 2,Multiple,grass carp,2015
767,Mississippi River Pool 2,Multiple,grass carp,2015
768,Mississippi River Pool 2,Multiple,grass carp,2015
769,Mississippi River Pool 2,Multiple,silver carp,2015
770,Mississippi River Pool 2,Multiple,silver carp,2015
771,Mississippi River Pool 2,Multiple,silver carp,2015
772,Mississippi River Pool 2,Multiple,silver carp,2015
773,Mississippi River Pool 2,Multiple,silver carp,2015
774,Mississippi River Pool 2,Multiple,silver carp,2015
775,Mississippi River Pool 2 including 500 feet upstream into its tributaries,Multiple,zebra mussel,1995
776,Mississippi River Pool 2 including 500 feet upstream into its tributaries,Multiple,zebra mussel,1995
777,Mississippi River Pool 2 including 500 feet upstream into its tributaries,Multiple,zebra mussel,1995
778,Mississippi River Pool 2 including 500 feet upstream into its tributaries,Multiple,zebra mussel,1995
779,Mississippi River Pool 2 including 500 feet upstream into its tributaries,Multiple,zebra mussel,1995
780,Mississippi River Pool 2 including 500 feet upstream into its tributaries,Multiple,zebra mussel,1995
781,Mississippi River Pool 3,Multiple,bighead carp,2012
782,Mississippi River Pool 3,Multiple,bighead carp,2012
783,Mississippi River Pool 3,Multiple,bighead carp,2012
784,Mississippi River Pool 3,Multiple,bighead carp,2012
785,Mississippi River Pool 3,Multiple,bighead carp,2012
786,Mississippi River Pool 3,Multiple,bighead carp,2012
787,Mississippi River Pool 3,Multiple,bighead carp,2012
788,Mississippi River Pool 3,Multiple,bighead carp,2012
789,Mississippi River Pool 3,Multiple,bighead carp,2012
790,Mississippi River Pool 3,Multiple,Eurasian watermilfoil,1995
791,Mississippi River Pool 3,Multiple,Eurasian watermilfoil,1995
792,Mississippi River Pool 3,Multiple,Eurasian watermilfoil,1995
793,Mississippi River Pool 3,Multiple,Eurasian watermilfoil,1995
794,Mississippi River Pool 3,Multiple,Eurasian watermilfoil,1995
795,Mississippi River Pool 3,Multiple,Eurasian watermilfoil,1995
796,Mississippi River Pool 3,Multiple,Eurasian watermilfoil,1995
797,Mississippi River Pool 3,Multiple,Eurasian watermilfoil,1995
798,Mississippi River Pool 3,Multiple,grass carp,2015
799,Mississippi River Pool 3,Multiple,grass carp,2015
800,Mississippi River Pool 3,Multiple,grass carp,2015
801,Mississippi River Pool 3,Multiple,grass carp,2015
802,Mississippi River Pool 3,Multiple,grass carp,2015
803,Mississippi River Pool 3,Multiple,grass carp,2015
804,Mississippi River Pool 3,Multiple,grass carp,2015
805,Mississippi River Pool 3,Multiple,grass carp,2015
806,Mississippi River Pool 3,Multiple,grass carp,2015
807,Mississippi River Pool 3,Multiple,silver carp,2012
808,Mississippi River Pool 3,Multiple,silver carp,2012
809,Mississippi River Pool 3,Multiple,silver carp,2012
810,Mississippi River Pool 3,Multiple,silver carp,2012
811,Mississippi River Pool 3,Multiple,silver carp,2012
812,Mississippi River Pool 3,Multiple,silver carp,2012
813,Mississippi River Pool 3,Multiple,silver carp,2012
814,Mississippi River Pool 3,Multiple,silver carp,2012
815,Mississippi River Pool 3,Multiple,silver carp,2012
816,Mississippi River Pool 3 including 500 feet upstream into its tributaries,Multiple,zebra mussel,1995
817,Mississippi River Pool 3 including 500 feet upstream into its tributaries,Multiple,zebra mussel,1995
818,Mississippi River Pool 3 including 500 feet upstream into its tributaries,Multiple,zebra mussel,1995
819,Mississippi River Pool 3 including 500 feet upstream into its tributaries,Multiple,zebra mussel,1995
820,Mississippi River Pool 3 including 500 feet upstream into its tributaries,Multiple,zebra mussel,1995
821,Mississippi River Pool 3 including 500 feet upstream into its tributaries,Multiple,zebra mussel,1995
822,Mississippi River Pool 3 including 500 feet upstream into its tributaries,Multiple,zebra mussel,1995
823,Mississippi River Pool 3 including 500 feet upstream into its tributaries,Multiple,zebra mussel,1995
824,Mississippi River Pool 3 including 500 feet upstream into its tributaries,Multiple,zebra mussel,1995
825,Mississippi River Pool 4,Multiple,bighead carp,2012
826,Mississippi River Pool 4,Multiple,bighead carp,2012
827,Mississippi River Pool 4,Multiple,bighead carp,2012
828,Mississippi River Pool 4,Multiple,bighead carp,2012
829,Mississippi River Pool 4,Multiple,bighead carp,2012
830,Mississippi River Pool 4,Multiple,Eurasian watermilfoil,1995
831,Mississippi River Pool 4,Multiple,Eurasian watermilfoil,1995
832,Mississippi River Pool 4,Multiple,Eurasian watermilfoil,1995
833,Mississippi River Pool 4,Multiple,Eurasian watermilfoil,1995
834,Mississippi River Pool 4,Multiple,Eurasian watermilfoil,1995
835,Mississippi River Pool 4,Multiple,grass carp,2015
836,Mississippi River Pool 4,Multiple,grass carp,2015
837,Mississippi River Pool 4,Multiple,grass carp,2015
838,Mississippi River Pool 4,Multiple,grass carp,2015
839,Mississippi River Pool 4,Multiple,grass carp,2015
840,Mississippi River Pool 4,Multiple,silver carp,2012
841,Mississippi River Pool 4,Multiple,silver carp,2012
842,Mississippi River Pool 4,Multiple,silver carp,2012
843,Mississippi River Pool 4,Multiple,silver carp,2012
844,Mississippi River Pool 4,Multiple,silver carp,2012
845,Mississippi River Pool 4 including 500 feet upstream into its tributaries,Multiple,zebra mussel,1995
846,Mississippi River Pool 4 including 500 feet upstream into its tributaries,Multiple,zebra mussel,1995
847,Mississippi River Pool 4 including 500 feet upstream into its tributaries,Multiple,zebra mussel,1995
848,Mississippi River Pool 4 including 500 feet upstream into its tributaries,Multiple,zebra mussel,1995
849,Mississippi River Pool 4 including 500 feet upstream into its tributaries,Multiple,zebra mussel,1995
850,Mississippi River Pool 5,Multiple,bighead carp,2012
851,Mississippi River Pool 5,Multiple,bighead carp,2012
852,Mississippi River Pool 5,Multiple,bighead carp,2012
853,Mississippi River Pool 5,Multiple,bighead carp,2012
854,Mississippi River Pool 5,Multiple,bighead carp,2012
855,Mississippi River Pool 5,Multiple,bighead carp,2012
856,Mississippi River Pool 5,Multiple,Eurasian watermilfoil,1995
857,Mississippi River Pool 5,Multiple,Eurasian watermilfoil,1995
858,Mississippi River Pool 5,Multiple,Eurasian watermilfoil,1995
859,Mississippi River Pool 5,Multiple,Eurasian watermilfoil,1995
860,Mississippi River Pool 5,Multiple,Eurasian watermilfoil,1995
861,Mississippi River Pool 5,Multiple,Eurasian watermilfoil,1995
862,Mississippi River Pool 5,Multiple,grass carp,2015
863,Mississippi River Pool 5,Multiple,grass carp,2015
864,Mississippi River Pool 5,Multiple,grass carp,2015
865,Mississippi River Pool 5,Multiple,grass carp,2015
866,Mississippi River Pool 5,Multiple,grass carp,2015
867,Mississippi River Pool 5,Multiple,grass carp,2015
868,Mississippi River Pool 5,Multiple,silver carp,2012
869,Mississippi River Pool 5,Multiple,silver carp,2012
870,Mississippi River Pool 5,Multiple,silver carp,2012
871,Mississippi River Pool 5,Multiple,silver carp,2012
872,Mississippi River Pool 5,Multiple,silver carp,2012
873,Mississippi River Pool 5,Multiple,silver carp,2012
874,Mississippi River Pool 5 including 500 feet upstream into its tributaries,Multiple,zebra mussel,1995
875,Mississippi River Pool 5 including 500 feet upstream into its tributaries,Multiple,zebra mussel,1995
876,Mississippi River Pool 5 including 500 feet upstream into its tributaries,Multiple,zebra mussel,1995
877,Mississippi River Pool 5 including 500 feet upstream into its tributaries,Multiple,zebra mussel,1995
878,Mississippi River Pool 5 including 500 feet upstream into its tributaries,Multiple,zebra mussel,1995
879,Mississippi River Pool 5 including 500 feet upstream into its tributaries,Multiple,zebra mussel,1995
880,Mississippi River Pool 5A,Multiple,bighead carp,2012
881,Mississippi River Pool 5A,Multiple,bighead carp,2012
882,Mississippi River Pool 5A,Multiple,bighead carp,2012
883,Mississippi River Pool 5A,Multiple,bighead carp,2012
884,Mississippi River Pool 5A,Multiple,bighead carp,2012
885,Mississippi River Pool 5A,Multiple,bighead carp,2012
886,Mississippi River Pool 5A,Multiple,bighead carp,2012
887,Mississippi River Pool 5A,Multiple,bighead carp,2012
888,Mississippi River Pool 5A,Multiple,bighead carp,2012
889,Mississippi River Pool 5A,Multiple,bighead carp,2012
890,Mississippi River Pool 5A,Multiple,Eurasian watermilfoil,1995
891,Mississippi River Pool 5A,Multiple,Eurasian watermilfoil,1995
892,Mississippi River Pool 5A,Multiple,Eurasian watermilfoil,1995
893,Mississippi River Pool 5A,Multiple,Eurasian watermilfoil,1995
894,Mississippi River Pool 5A,Multiple,Eurasian watermilfoil,1995
895,Mississippi River Pool 5A,Multiple,Eurasian watermilfoil,1995
896,Mississippi River Pool 5A,Multiple,Eurasian watermilfoil,1995
897,Mississippi River Pool 5A,Multiple,Eurasian watermilfoil,1995
898,Mississippi River Pool 5A,Multiple,Eurasian watermilfoil,1995
899,Mississippi River Pool 5A,Multiple,Eurasian watermilfoil,1995
900,Mississippi River Pool 5A,Multiple,grass carp,2015
901,Mississippi River Pool 5A,Multiple,grass carp,2015
902,Mississippi River Pool 5A,Multiple,grass carp,2015
903,Mississippi River Pool 5A,Multiple,grass carp,2015
904,Mississippi River Pool 5A,Multiple,grass carp,2015
905,Mississippi River Pool 5A,Multiple,grass carp,2015
906,Mississippi River Pool 5A,Multiple,grass carp,2015
907,Mississippi River Pool 5A,Multiple,grass carp,2015
908,Mississippi River Pool 5A,Multiple,grass carp,2015
909,Mississippi River Pool 5A,Multiple,grass carp,2015
910,Mississippi River Pool 5A,Multiple,silver carp,2012
911,Mississippi River Pool 5A,Multiple,silver carp,2012
912,Mississippi River Pool 5A,Multiple,silver carp,2012
913,Mississippi River Pool 5A,Multiple,silver carp,2012
914,Mississippi River Pool 5A,Multiple,silver carp,2012
915,Mississippi River Pool 5A,Multiple,silver carp,2012
916,Mississippi River Pool 5A,Multiple,silver carp,2012
917,Mississippi River Pool 5A,Multiple,silver carp,2012
918,Mississippi River Pool 5A,Multiple,silver carp,2012
919,Mississippi River Pool 5A,Multiple,silver carp,2012
920,Mississippi River Pool 5A including 500 feet upstream into its tributaries,Multiple,zebra mussel,1995
921,Mississippi River Pool 5A including 500 feet upstream into its tributaries,Multiple,zebra mussel,1995
922,Mississippi River Pool 5A including 500 feet upstream into its tributaries,Multiple,zebra mussel,1995
923,Mississippi River Pool 5A including 500 feet upstream into its tributaries,Multiple,zebra mussel,1995
924,Mississippi River Pool 5A including 500 feet upstream into its tributaries,Multiple,zebra mussel,1995
925,Mississippi River Pool 5A including 500 feet upstream into its tributaries,Multiple,zebra mussel,1995
926,Mississippi River Pool 5A including 500 feet upstream into its tributaries,Multiple,zebra mussel,1995
927,Mississippi River Pool 5A including 500 feet upstream into its tributaries,Multiple,zebra mussel,1995
928,Mississippi River Pool 5A including 500 feet upstream into its tributaries,Multiple,zebra mussel,1995
929,Mississippi River Pool 5A including 500 feet upstream into its tributaries,Multiple,zebra mussel,1995
930,Mississippi River Pool 6,Multiple,bighead carp,2012
931,Mississippi River Pool 6,Multiple,bighead carp,2012
932,Mississippi River Pool 6,Multiple,bighead carp,2012
933,Mississippi River Pool 6,Multiple,bighead carp,2012
934,Mississippi River Pool 6,Multiple,bighead carp,2012
935,Mississippi River Pool 6,Multiple,Eurasian watermilfoil,1995
936,Mississippi River Pool 6,Multiple,Eurasian watermilfoil,1995
937,Mississippi River Pool 6,Multiple,Eurasian watermilfoil,1995
938,Mississippi River Pool 6,Multiple,Eurasian watermilfoil,1995
939,Mississippi River Pool 6,Multiple,Eurasian watermilfoil,1995
940,Mississippi River Pool 6,Multiple,grass carp,2015
941,Mississippi River Pool 6,Multiple,grass carp,2015
942,Mississippi River Pool 6,Multiple,grass carp,2015
943,Mississippi River Pool 6,Multiple,grass carp,2015
944,Mississippi River Pool 6,Multiple,grass carp,2015
945,Mississippi River Pool 6,Multiple,silver carp,2012
946,Mississippi River Pool 6,Multiple,silver carp,2012
947,Mississippi River Pool 6,Multiple,silver carp,2012
948,Mississippi River Pool 6,Multiple,silver carp,2012
949,Mississippi River Pool 6,Multiple,silver carp,2012
950,Mississippi River Pool 6 including 500 feet upstream into its tributaries,Multiple,zebra mussel,1995
951,Mississippi River Pool 6 including 500 feet upstream into its tributaries,Multiple,zebra mussel,1995
952,Mississippi River Pool 6 including 500 feet upstream into its tributaries,Multiple,zebra mussel,1995
953,Mississippi River Pool 6 including 500 feet upstream into its tributaries,Multiple,zebra mussel,1995
954,Mississippi River Pool 6 including 500 feet upstream into its tributaries,Multiple,zebra mussel,1995
955,Mississippi River Pool 7,Multiple,bighead carp,2012
956,Mississippi River Pool 7,Multiple,bighead carp,2012
957,Mississippi River Pool 7,Multiple,Eurasian watermilfoil,1995
958,Mississippi River Pool 7,Multiple,Eurasian watermilfoil,1995
959,Mississippi River Pool 7,Multiple,faucet snail,2013
960,Mississippi River Pool 7,Multiple,faucet snail,2013
961,Mississippi River Pool 7,Multiple,grass carp,2015
962,Mississippi River Pool 7,Multiple,grass carp,2015
963,Mississippi River Pool 7,Multiple,silver carp,2012
964,Mississippi River Pool 7,Multiple,silver carp,2012
965,Mississippi River Pool 7 including 500 feet upstream into its tributaries,Multiple,zebra mussel,1995
966,Mississippi River Pool 7 including 500 feet upstream into its tributaries,Multiple,zebra mussel,1995
967,Mississippi River Pool 8,Multiple,bighead carp,2012
968,Mississippi River Pool 8,Multiple,bighead carp,2012
969,Mississippi River Pool 8,Multiple,bighead carp,2012
970,Mississippi River Pool 8,Multiple,bighead carp,2012
971,Mississippi River Pool 8,Multiple,bighead carp,2012
972,Mississippi River Pool 8,Multiple,Eurasian watermilfoil,1995
973,Mississippi River Pool 8,Multiple,Eurasian watermilfoil,1995
974,Mississippi River Pool 8,Multiple,Eurasian watermilfoil,1995
975,Mississippi River Pool 8,Multiple,Eurasian watermilfoil,1995
976,Mississippi River Pool 8,Multiple,Eurasian watermilfoil,1995
977,Mississippi River Pool 8,Multiple,faucet snail,2013
978,Mississippi River Pool 8,Multiple,faucet snail,2013
979,Mississippi River Pool 8,Multiple,faucet snail,2013
980,Mississippi River Pool 8,Multiple,faucet snail,2013
981,Mississippi River Pool 8,Multiple,faucet snail,2013
982,Mississippi River Pool 8,Multiple,grass carp,2015
983,Mississippi River Pool 8,Multiple,grass carp,2015
984,Mississippi River Pool 8,Multiple,grass carp,2015
985,Mississippi River Pool 8,Multiple,grass carp,2015
986,Mississippi River Pool 8,Multiple,grass carp,2015
987,Mississippi River Pool 8,Multiple,silver carp,2012
988,Mississippi River Pool 8,Multiple,silver carp,2012
989,Mississippi River Pool 8,Multiple,silver carp,2012
990,Mississippi River Pool 8,Multiple,silver carp,2012
991,Mississippi River Pool 8,Multiple,silver carp,2012
992,Mississippi River Pool 8 including 500 feet upstream into its tributaries,Multiple,zebra mussel,1995
993,Mississippi River Pool 8 including 500 feet upstream into its tributaries,Multiple,zebra mussel,1995
994,Mississippi River Pool 8 including 500 feet upstream into its tributaries,Multiple,zebra mussel,1995
995,Mississippi River Pool 8 including 500 feet upstream into its tributaries,Multiple,zebra mussel,1995
996,Mississippi River Pool 8 including 500 feet upstream into its tributaries,Multiple,zebra mussel,1995
997,Mississippi River Pool 9,Multiple,bighead carp,2012
998,Mississippi River Pool 9,Multiple,bighead carp,2012
999,Mississippi River Pool 9,Multiple,bighead carp,2012
1000,Mississippi River Pool 9,Multiple,bighead carp,2012
1001,Mississippi River Pool 9,Multiple,bighead carp,2012
1002,Mississippi River Pool 9,Multiple,bighead carp,2012
1003,Mississippi River Pool 9,Multiple,bighead carp,2012
1004,Mississippi River Pool 9,Multiple,bighead carp,2012
1005,Mississippi River Pool 9,Multiple,bighead carp,2012
1006,Mississippi River Pool 9,Multiple,bighead carp,2012
1007,Mississippi River Pool 9,Multiple,Eurasian watermilfoil,1995
1008,Mississippi River Pool 9,Multiple,Eurasian watermilfoil,1995
1009,Mississippi River Pool 9,Multiple,Eurasian watermilfoil,1995
1010,Mississippi River Pool 9,Multiple,Eurasian watermilfoil,1995
1011,Mississippi River Pool 9,Multiple,Eurasian watermilfoil,1995
1012,Mississippi River Pool 9,Multiple,Eurasian watermilfoil,1995
1013,Mississippi River Pool 9,Multiple,Eurasian watermilfoil,1995
1014,Mississippi River Pool 9,Multiple,Eurasian watermilfoil,1995
1015,Mississippi River Pool 9,Multiple,Eurasian watermilfoil,1995
1016,Mississippi River Pool 9,Multiple,Eurasian watermilfoil,1995
1017,Mississippi River Pool 9,Multiple,faucet snail,2013
1018,Mississippi River Pool 9,Multiple,faucet snail,2013
1019,Mississippi River Pool 9,Multiple,faucet snail,2013
1020,Mississippi River Pool 9,Multiple,faucet snail,2013
1021,Mississippi River Pool 9,Multiple,faucet snail,2013
1022,Mississippi River Pool 9,Multiple,faucet snail,2013
1023,Mississippi River Pool 9,Multiple,faucet snail,2013
1024,Mississippi River Pool 9,Multiple,faucet snail,2013
1025,Mississippi River Pool 9,Multiple,faucet snail,2013
1026,Mississippi River Pool 9,Multiple,faucet snail,2013
1027,Mississippi River Pool 9,Multiple,grass carp,2015
1028,Mississippi River Pool 9,Multiple,grass carp,2015
1029,Mississippi River Pool 9,Multiple,grass carp,2015
1030,Mississippi River Pool 9,Multiple,grass carp,2015
1031,Mississippi River Pool 9,Multiple,grass carp,2015
1032,Mississippi River Pool 9,Multiple,grass carp,2015
1033,Mississippi River Pool 9,Multiple,grass carp,2015
1034,Mississippi River Pool 9,Multiple,grass carp,2015
1035,Mississippi River Pool 9,Multiple,grass carp,2015
1036,Mississippi River Pool 9,Multiple,grass carp,2015
1037,Mississippi River Pool 9,Multiple,silver carp,2012
1038,Mississippi River Pool 9,Multiple,silver carp,2012
1039,Mississippi River Pool 9,Multiple,silver carp,2012
1040,Mississippi River Pool 9,Multiple,silver carp,2012
1041,Mississippi River Pool 9,Multiple,silver carp,2012
1042,Mississippi River Pool 9,Multiple,silver carp,2012
1043,Mississippi River Pool 9,Multiple,silver carp,2012
1044,Mississippi River Pool 9,Multiple,silver carp,2012
1045,Mississippi River Pool 9,Multiple,silver carp,2012
1046,Mississippi River Pool 9,Multiple,silver carp,2012
1047,Mississippi River Pool 9 including 500 feet upstream into its tributaries,Multiple,zebra mussel,1995
1048,Mississippi River Pool 9 including 500 feet upstream into its tributaries,Multiple,zebra mussel,1995
1049,Mississippi River Pool 9 including 500 feet upstream into its tributaries,Multiple,zebra mussel,1995
1050,Mississippi River Pool 9 including 500 feet upstream into its tributaries,Multiple,zebra mussel,1995
1051,Mississippi River Pool 9 including 500 feet upstream into its tributaries,Multiple,zebra mussel,1995
1052,Mississippi River Pool 9 including 500 feet upstream into its tributaries,Multiple,zebra mussel,1995
1053,Mississippi River Pool 9 including 500 feet upstream into its tributaries,Multiple,zebra mussel,1995
1054,Mississippi River Pool 9 including 500 feet upstream into its tributaries,Multiple,zebra mussel,1995
1055,Mississippi River Pool 9 including 500 feet upstream into its tributaries,Multiple,zebra mussel,1995
1056,Mississippi River Pool 9 including 500 feet upstream into its tributaries,Multiple,zebra mussel,2007
1057,Mitchell,Hennepin,Eurasian watermilfoil,2004
1058,Mitchell,Sherburne,Eurasian watermilfoil,2008
1059,Mitchell,Sherburne,zebra mussel,2020
1060,Molly Stark,Otter Tail,zebra mussel,2018
1061,Moose,Beltrami,starry stonewort,2016
1062,Moose,Wright,zebra mussel,2021
1063,Moses,Douglas,zebra mussel,2020
1064,Mound,Todd,zebra mussel,2018
1065,Mud,Hennepin,Eurasian watermilfoil,2020
1066,Mud,Washington,Eurasian watermilfoil,2007
1067,Mud,Otter Tail,zebra mussel,2020
1068,Mud,St. Louis,zebra mussel,2009
1069,Mud,Wright,zebra mussel,2019
1070,Murphy,Scott,Eurasian watermilfoil,2020
1071,Muskrat,Becker,flowering rush,2007
1072,Muskrat,Becker,zebra mussel,2017
1073,Namakan,St. Louis,spiny waterflea,2007
1074,Nelson,Becker,zebra mussel,2019
1075,Nest,Kandiyohi,zebra mussel,2017
1076,Newton,Lake,spiny waterflea,2014
1077,Niccum?s Pond (located in the NW 1/4 of the SW 1/4 of S10 T117N R24W),Hennepin,Eurasian watermilfoil,1995
1078,Nisswa,Crow Wing,zebra mussel,2010
1079,Nokomis,Hennepin,Eurasian watermilfoil,1995
1080,Nokomis,Hennepin,zebra mussel,2010
1081,Normandale,Hennepin,Eurasian watermilfoil,2019
1082,North Center,Chisago,Eurasian watermilfoil,2008
1083,North Fowl,Cook,spiny waterflea,2010
1084,North Lindstrom,Chisago,Eurasian watermilfoil,2006
1085,North Long,Crow Wing,zebra mussel,2014
1086,North Oscar,Douglas,Eurasian watermilfoil,2013
1087,North Pomme de Terre,Stevens,zebra mussel,2018
1088,North Star,Itasca,zebra mussel,2017
1089,North Ten Mile,Otter Tail,zebra mussel,2017
1090,North Twin,Itasca,Eurasian watermilfoil,2000
1091,North Twin,Wright,Eurasian watermilfoil,2009
1092,North Twin,Itasca,flowering rush,2007
1093,North Twin,Mahnomen,zebra mussel,2022
1094,North Union ,Douglas,zebra mussel,2011
1095,Norway,Kandiyohi,Eurasian watermilfoil,2002
1096,Norway,Kandiyohi,zebra mussel,2018
1097,O?Dowd,Scott,Eurasian watermilfoil,2002
1098,Oak,Carver,Eurasian watermilfoil,2020
1099,O'Brien,Dakota,Eurasian watermilfoil,2016
1100,Ogechie,Mille Lacs,zebra mussel,2007
1101,Olson,Washington,Eurasian watermilfoil,2009
1102,Onamia,Mille Lacs,zebra mussel,2007
1103,Orchard,Dakota,Eurasian watermilfoil,2017
1104,Orono,Sherburne,Eurasian watermilfoil,2020
1105,Orwell Reservoir,Otter Tail,zebra mussel,2013
1106,Osakis,Todd and Douglas,zebra mussel,2016
1107,Oscar ,Douglas,Eurasian watermilfoil,1995
1108,Oscar,Douglas,zebra mussel,2019
1109,Ossawinnamakee,Crow Wing,Eurasian watermilfoil,2004
1110,Ossawinnamakee,Crow Wing,zebra mussel,2004
1111,Otter,Anoka,Eurasian watermilfoil,1995
1112,Otter ,Stearns,Eurasian watermilfoil,2011
1113,Otter,Stearns,zebra mussel,2015
1114,Otter Tail,Otter Tail,zebra mussel,2016
1115,Otter Tail River (Red River),Otter Tail,zebra mussel,2017
1116,Otter Tail River from 500 feet upstream of the confluence of the Pelican River downstream to the Bois De Sioux River including 500 feet upstream into its tributaries ,Multiple (Otter Tail and Wilkin),zebra mussel,2013
1117,Outlet Creek from Minnewaska to Emily,Pope,zebra mussel,2012
1118,Owasso,Ramsey,Eurasian watermilfoil,2000
1119,Owasso,Ramsey,zebra mussel,2021
1120,Park,Murray,zebra mussel,2022
1121,Parker?s,Hennepin,Eurasian watermilfoil,1995
1122,Parley,Carver,Eurasian watermilfoil,2001
1123,Paul,Otter Tail,zebra mussel,2013
1124,Pearl,Jackson,bighead carp,2012
1125,Pearl,Jackson,silver carp,2012
1126,Peavey,Hennepin,Eurasian watermilfoil,1999
1127,Peavey,Hennepin,zebra mussel,2012
1128,Pelican,Wright,Eurasian watermilfoil,2010
1129,Pelican,Crow Wing,zebra mussel,2012
1130,Pelican,Otter Tail,zebra mussel,2009
1131,Pelican,Pope,zebra mussel,2019
1132,Pelican Brook from the source at Ossawinnamakee to the Pine River,Crow Wing,zebra mussel,2007
1133,Pelican River from Detroit to Muskrat,Becker,flowering rush,2007
1134,Pelican River from Bucks Mill Drive downstream to the Otter Tail River including 500 feet upstream into its tributaries,Multiple (Becker and Otter Tail counties),zebra mussel,2009
1135,Peltier,Anoka,Eurasian watermilfoil,2000
1136,Pennington Mine,Crow Wing,zebra mussel,2017
1137,Pepin,Multiple (Goodhue Wabasha),bighead carp,2012
1138,Pepin,Multiple (Goodhue and Wabasha),Eurasian watermilfoil,2012
1139,Pepin,Multiple (Goodhue Wabasha),silver carp,2012
1140,Pepin,Multiple (Goodhue Wabasha),zebra mussel,2012
1141,Perkins,Stevens,zebra mussel,2018
1142,Phalen,Ramsey,Eurasian watermilfoil,1997
1143,Pickerel,Becker,flowering rush,2015
1144,Pickerel,Becker,zebra mussel,2014
1145,Pickerel,Crow Wing,zebra mussel,2006
1146,Pickerel,Ottertail,zebra mussel,2020
1147,Pierson,Carver,Eurasian watermilfoil,1995
1148,Pierson,Carver,zebra mussel,2020
1149,Pig,Crow Wing,zebra mussel,2014
1150,Pigeon River downstream of South Fowl,Cook,spiny waterflea,2010
1151,Pigeon River from the Pigeon Dam Lake dam to Winnibigoshish,Itasca,faucet snail,2009
1152,Pigeon River from the Pigeon Dam Lake dam to Winnibigoshish,Itasca,zebra mussel,2013
1153,Pike,Scott,Eurasian watermilfoil,2014
1154,Pike,Scott,zebra mussel,2021
1155,Pike,St. Louis,zebra mussel,2009
1156,Pike Bay,Cass,zebra mussel,2014
1157,Pike River from Pike River Dam at CSAH 77 near Peyla to Vermilion  and Vermilion River from Vermilion to Crane,St. Louis,spiny waterflea,2015
1158,Pimushe,Beltrami,starry stonewort,2021
1159,Pimushe,Beltrami,zebra mussel,2019
1160,Pine,Crow Wing,Eurasian watermilfoil,2017
1161,Pine,Cook,spiny waterflea,2005
1162,Pine Mountain,Cass,zebra mussel,2021
1163,Pine River,Crow Wing,Eurasian watermilfoil,2017
1164,Pine River from the base of Cross Lake Dam to the confluence with Pelican Brook,Crow Wing,zebra mussel,2014
1165,Pine River from 500 feet upstream of the mouth of Pelican Brook to the Mississippi River including 500 feet upstream into its tributaries,Crow Wing,zebra mussel,2006
1166,Pine Tree,Washington,Eurasian watermilfoil,2021
1167,Pioneer,Chisago,Eurasian watermilfoil,2022
1168,Pleasant,Ramsey,Eurasian watermilfoil,2010
1169,Pleasant,Wright,Eurasian watermilfoil,2017
1170,Pleasant,Wright,starry stonewort,2018
1171,Pleasant,Ramsey,zebra mussel,2007
1172,Pleasant,Wright,zebra mussel,2020
1173,Pletz Marsh,Jackson,bighead carp,2012
1174,Pletz Marsh,Jackson,silver carp,2012
1175,Plum,Jackson,bighead carp,2012
1176,Plum,Jackson,silver carp,2012
1177,Pocket,Douglas,zebra mussel,2016
1178,Pokegama,Pine,Eurasian watermilfoil,2006
1179,Pokegama,Itasca,zebra mussel,2019
1180,Pomme de Terre,Grant,zebra mussel,2018
1181,Pomme de Terre River,Multiple (Otter Tail Grant and Stevens),zebra mussel,2018
1182,Pond Six,Ramsey,Eurasian watermilfoil,2002
1183,Pond Three,Ramsey,Eurasian watermilfoil,2006
1184,Portage,Crow Wing,Eurasian watermilfoil,2019
1185,Portage,Itasca,zebra mussel,2013
1186,Portage (in Lebanon Hills Regional Park),Dakota,Eurasian watermilfoil,2016
1187,Powderhorn,Hennepin,Eurasian watermilfoil,2008
1188,Powers,Washington,Eurasian watermilfoil,1998
1189,Prairie,Otter Tail,zebra mussel,2009
1190,Pug Hole,Beltrami,zebra mussel,2014
1191,Pulaski,Wright,Eurasian watermilfoil,1995
1192,Pulaski,Wright,zebra mussel,2022
1193,Quarry,Dakota,Eurasian watermilfoil,2007
1194,Quarry,Scott,Eurasian watermilfoil,2016
1195,Rabbit (East Portion),Crow Wing,zebra mussel,2022
1196,Rabbit (West Portion),Crow Wing,zebra mussel,2022
1197,Rabbits,Itasca,faucet snail,2009
1198,Rabbits,Itasca,zebra mussel,2013
1199,Rabour,Chisago,Eurasian watermilfoil,2021
1200,Rainy,St. Louis,spiny waterflea,2007
1201,Rainy,St. Louis,zebra mussel,2021
1202,Rainy River from Rainy Lake to Lake of the Woods,Multiple (Koochiching Lake of the Woods),spiny waterflea,2007
1203,Ramsey,Wright,Eurasian watermilfoil,2004
1204,Rapid River from 500 feet upstream of Highway 11 to Clementson Bay of the Rainy River,Lake of the Woods,spiny waterflea,2007
1205,Raven,Itasca,faucet snail,2009
1206,Raven,Itasca,zebra mussel,2013
1207,Ravens Flowage,Itasca,zebra mussel,2013
1208,Ravens Flowage (includes unnamed creek from S3 T146N R29W to S11 T146N R29W and Raven Creek downstream of Raven and Rabbit lakes to Lake Winnibigoshish),Itasca,faucet snail,2009
1209,Ray's,Le Sueur,Eurasian watermilfoil,2009
1210,Rebecca,Hennepin,Eurasian watermilfoil,1995
1211,Rebecca,Dakota,zebra mussel,2009
1212,Red (Upper Red),Beltrami,starry stonewort,2016
1213,Red (Upper Red),Beltrami,zebra mussel,2019
1214,Red River,Multiple (Clay Kittson Marshall Norman Polk and Wilkin),zebra mussel,2015
1215,Red Rock,Douglas,zebra mussel,2022
1216,Redick Swamp,Douglas,zebra mussel,2017
1217,Reed,Otter Tail,zebra mussel,2018
1218,Reeds,Waseca,Eurasian watermilfoil,2014
1219,Reitz,Carver,Eurasian watermilfoil,2008
1220,Reno,Pope,zebra mussel,2014
1221,Rice,Hennepin,Eurasian watermilfoil,1997
1222,Rice,Stearns,starry stonewort,2016
1223,Rice,Crow Wing,zebra mussel,2006
1224,Rice,Itasca,zebra mussel,2013
1225,Riley,Carver,Eurasian watermilfoil,1995
1226,Riley,Carver,zebra mussel,2018
1227,Ripley,Meeker,Eurasian watermilfoil,2004
1228,Ripley,Meeker,Eurasian watermilfoil,2004
1229,Ripple River between Bay and Tame Fish,Crow Wing,Eurasian watermilfoil,2000
1230,Rock,Wright,Eurasian watermilfoil,1995
1231,Roe Mine,Crow Wing,zebra mussel,2021
1232,Roosevelt,Cass and Crow Wing,Eurasian watermilfoil,2016
1233,Rose,Otter Tail,zebra mussel,2011
1234,Rossier,Stearns,zebra mussel,2014
1235,Round,Jackson,bighead carp,2012
1236,Round,Hennepin,brittleleaf naiad,2010
1237,Round,Douglas,Eurasian watermilfoil,2014
1238,Round,Hennepin,Eurasian watermilfoil,1996
1239,Round,Ramsey,Eurasian watermilfoil,1997
1240,Round,Wright,Eurasian watermilfoil,2009
1241,Round,Jackson,silver carp,2012
1242,Round,Aitkin and Crow Wing,zebra mussel,2016
1243,Round,Crow Wing,zebra mussel,2010
1244,Round,Grant,zebra mussel,2017
1245,Round,Otter Tail,zebra mussel,2019
1246,Round,Otter Tail,zebra mussel,2018
1247,Roy,Crow Wing,zebra mussel,2010
1248,Royal,Cook,spiny waterflea,2010
1249,Royal River between Little John and North Fowls,Cook,spiny waterflea,2010
1250,Rum River including 500 feet upstream into its tributaries ,Multiple (Anoka Isanti Mille Lacs and Sherburne),zebra mussel,2007
1251,Rum River including 500 feet upstream into its tributaries,Multiple (Anoka Isanti Mille Lacs and Sherburne),zebra mussel,2007
1252,Rusch,Otter Tail,zebra mussel,2013
1253,Rush,Jackson,bighead carp,2012
1254,Rush,Jackson,bighead carp,2012
1255,Rush,Chisago,Eurasian watermilfoil,1995
1256,Rush,Chisago,Eurasian watermilfoil,1995
1257,Rush,Sherburne,Eurasian watermilfoil,2014
1258,Rush,Jackson,silver carp,2012
1259,Rush,Jackson,silver carp,2012
1260,Rush,Otter Tail,zebra mussel,2017
1261,Rush-Hen,Crow Wing,zebra mussel,2014
1262,Ruth,Crow Wing,Eurasian watermilfoil,1997
1263,Ruth,Crow Wing,zebra mussel,2015
1264,Sabin (Embarrass Mine),St. Louis,zebra mussel,2022
1265,Saganaga,Cook,spiny waterflea,2004
1266,Sallie,Becker,flowering rush,2007
1267,Sallie,Becker,zebra mussel,2016
1268,Sand,Pine,Eurasian watermilfoil,2004
1269,Sand,Itasca,zebra mussel,2013
1270,Sand Point,St. Louis,spiny waterflea,2007
1271,Sarah,Hennepin,Eurasian watermilfoil,1995
1272,Sarah,Murray,zebra mussel,2018
1273,Sauk,Todd,flowering rush,2009
1274,Sauk,Todd,zebra mussel,2018
1275,Sauk River,Todd,flowering rush,2007
1276,Saunders,Hennepin,Eurasian watermilfoil,2014
1277,Scalp,Otter Tail,zebra mussel,2021
1278,Scandinavian,Pope,Eurasian watermilfoil,2014
1279,Schmidt,Hennepin,Eurasian watermilfoil,1995
1280,Schmidt,Wright,Eurasian watermilfoil,2014
1281,Schneider,Stearns,zebra mussel,2018
1282,School Section,Stearns,Eurasian watermilfoil,2018
1283,Schultz,Dakota,Eurasian watermilfoil,2000
1284,Schutz,Carver,Eurasian watermilfoil,1995
1285,Second Crow Wing,Hubbard,faucet snail,2011
1286,Sensky Creek from 500 feet upstream of State Highway 172 downstream to the Rainy River,Lake of the Woods,spiny waterflea,2007
1287,Serpent,Crow Wing,zebra mussel,2017
1288,Shady Oak,Hennepin,brittleleaf naiad,2021
1289,Shady Oak,Hennepin,Eurasian watermilfoil,2019
1290,Shagawa,St. Louis,spiny waterflea,2014
1291,Shagawa River between Shagawa Lake and Fall Lake,Multiple (St. Louis and Lake),spiny waterflea,2014
1292,Shakopee,Mille Lacs,zebra mussel,2007
1293,Shallow Pond,Pope,zebra mussel,2012
1294,Shamineau,Morrison,Eurasian watermilfoil,2012
1295,Shell River from Upper Twin to Crow Wing River including 500 feet upstream into its tributaries ,Multiple (Hubbard and Wadena),faucet snail,2009
1296,Shetek,Murray,zebra mussel,2022
1297,Shields,Rice,Eurasian watermilfoil,2015
1298,Signalness,Pope,zebra mussel,2016
1299,Silver,Ramsey,Eurasian watermilfoil,1995
1300,Silver,Ramsey,Eurasian watermilfoil,2021
1301,Silver,Wright,Eurasian watermilfoil,2011
1302,Silver Creek  from 500 feet upstream of Highway 11 to the Rainy River,Lake of the Woods,spiny waterflea,2007
1303,Skoglund Slough,Douglas,zebra mussel,2014
1304,Skogman,Isanti,Eurasian watermilfoil,2014
1305,Skunk,Jackson,bighead carp,2012
1306,Skunk,Jackson,silver carp,2012
1307,Smetana,Hennepin,Eurasian watermilfoil,2020
1308,Smith,Crow Wing,zebra mussel,2021
1309,Smith,Douglas,zebra mussel,2022
1310,Snail,Ramsey,Eurasian watermilfoil,2000
1311,Snake River between Pokegama and Cross including 500 feet upstream into its tributaries,Pine,Eurasian watermilfoil,2005
1312,Snelling,Hennepin,Eurasian watermilfoil,2006
1313,Somers,Wright,Eurasian watermilfoil,2014
1314,South Center,Chisago,Eurasian watermilfoil,2009
1315,South Coon,Anoka,Eurasian watermilfoil,2010
1316,South Fowl,Cook,spiny waterflea,2010
1317,South Lindstrom,Chisago,Eurasian watermilfoil,2010
1318,South Long,Crow Wing,faucet snail,2021
1319,South Long,Crow Wing,zebra mussel,2021
1320,South Twin,Itasca,Eurasian watermilfoil,2016
1321,South Twin,Itasca,flowering rush,2007
1322,South Twin,Mahnomen,zebra mussel,2019
1323,Southeast Anderson,Hennepin,Eurasian watermilfoil,2017
1324,Spectacle,Isanti,Eurasian watermilfoil,2007
1325,Spectacle,Isanti,zebra mussel,2019
1326,Spider,Itasca,flowering rush,2014
1327,Spider,Cass,zebra mussel,2010
1328,Spirit,Jackson,bighead carp,2012
1329,Spirit,Jackson,silver carp,2012
1330,Spoon Creek between Keller and Phalen lakes,Ramsey,Eurasian watermilfoil,1999
1331,Sprague,Rice,flowering rush,2014
1332,Spring,Scott,Eurasian watermilfoil,2021
1333,Spring,Grant,zebra mussel,2017
1334,Spring,Scott,zebra mussel,2022
1335,St James Pit,St. Louis,zebra mussel,2021
1336,St. Anna,Stearns,Eurasian watermilfoil,2014
1337,St. Clair,Becker,zebra mussel,2020
1338,St. Croix River,Washington,Eurasian watermilfoil,1995
1339,St. Croix River downstream of the dam at Taylors Falls ,Multiple (Chisago and Washington),bighead carp,2012
1340,St. Croix River downstream of the dam at Taylors Falls ,Multiple (Chisago and Washington),grass carp,2015
1341,St. Croix River downstream of the dam at Taylors Falls ,Multiple (Chisago and Washington),silver carp,2012
1342,St. Croix River downstream of the St.Croix Boomsite Recreation Area at river mile 25.4,Washington,zebra mussel,2001
1343,St. Louis River downstream of the Cloquet River,Multiple (Carlton and St. Louis),spiny waterflea,1995
1344,St. Louis River downstream of the Cloquet River,Multiple (Carlton and St. Louis),spiny waterflea,1995
1345,St. Louis River downstream of the Cloquet River,Multiple (Carlton and St. Louis),spiny waterflea,1995
1346,St. Louis River downstream of the Fond du Lac dam,Multiple (Carlton and St. Louis),faucet snail,2014
1347,St. Louis River downstream of the Fond du Lac dam,Multiple (Carlton and St. Louis),New Zealand mud snail,2007
1348,St. Louis River downstream of the Fond du Lac dam,Multiple (Carlton and St. Louis),round goby,1996
1349,St. Louis River downstream of the Fond du Lac dam,Multiple (Carlton and St. Louis),ruffe,1995
1350,St. Louis River downstream of the Fond du Lac dam,Multiple (Carlton and St. Louis),viral hemorrhagic septicemia,2010
1351,St. Louis River downstream of the Fond du Lac dam,Multiple (Carlton and St. Louis),white perch,1995
1352,St. Louis River downstream of the mouth of the White Pine River in St. Louis County,Multiple (Carlton and St. Louis),zebra mussel,1995
1353,St. Louis River downstream of the mouth of the White Pine River in St. Louis County,Multiple (Carlton and St. Louis),zebra mussel,1995
1354,Stalker,Otter Tail,flowering rush,2018
1355,Star,Otter Tail,zebra mussel,2019
1356,Staring,Hennepin,brittleleaf naiad,2015
1357,Staring,Hennepin,Eurasian watermilfoil,2015
1358,Steamboat,Cass,zebra mussel,2017
1359,Steiger,Carver,Eurasian watermilfoil,2002
1360,Stella,Meeker,Eurasian watermilfoil,1999
1361,Stella,Meeker,zebra mussel,2015
1362,Stocking,Wadena,faucet snail,2022
1363,Stone,Carver,Eurasian watermilfoil,1995
1364,Stoney (Stony),Douglas,zebra mussel,2011
1365,Stowe,Douglas,zebra mussel,2017
1366,Stuart,Otter Tail,zebra mussel,2022
1367,Sturgeon,Pine,Eurasian watermilfoil,2008
1368,Sucker,Ramsey,Eurasian watermilfoil,1996
1369,Sucker,Ramsey,zebra mussel,2007
1370,Sugar,Wright,Eurasian watermilfoil,1995
1371,Sugar,Itasca,faucet snail,2009
1372,Sugar,Itasca,zebra mussel,2013
1373,Sugar,Wright,zebra mussel,2018
1374,Sunfish,Washington,Eurasian watermilfoil,2019
1375,Sunnybrook,Washington,Eurasian watermilfoil,2019
1376,Sunset,Washington,Eurasian watermilfoil,2001
1377,Sunset Pond,Dakota,Eurasian watermilfoil,2004
1378,Superior,Multiple (Cook Lake and St. Louis),Eurasian watermilfoil,2007
1379,Superior,Multiple (Cook Lake and St. Louis),faucet snail,2014
1380,Superior,Multiple (Cook Lake and St. Louis),New Zealand mud snail,2007
1381,Superior,Multiple (Cook Lake and St. Louis),round goby,2007
1382,Superior,Multiple (Cook Lake St. Louis),ruffe,1995
1383,Superior,Multiple (Cook Lake and St. Louis),spiny waterflea,1995
1384,Superior,Multiple (Cook Lake and St. Louis),viral hemorrhagic septicemia,2010
1385,Superior,Multiple (Cook Lake and St. Louis),white perch,1995
1386,Superior,Multiple (Cook Lake and St. Louis),zebra mussel,1995
1387,Superior Tributaries,Multiple (Cook Lake and St. Louis),round goby,2010
1388,Superior Tributaries,Multiple (Cook Lake and St. Louis),ruffe,2010
1389,Superior Tributaries,Multiple (Cook Lake and St. Louis),viral hemorrhagic septicemia,2010
1390,Superior Tributaries,Multiple (Cook Lake and St. Louis),white perch,2010
1391,Susan,Carver,brittleleaf naiad,2019
1392,Susan,Carver,Eurasian watermilfoil,2005
1393,Swan,Kandiyohi,zebra mussel,2018
1394,Swan,Otter Tail,zebra mussel,2019
1395,Swan (located in the NW 1/4 of the NW 1/4 of S4 T117N R23W),Hennepin,Eurasian watermilfoil,1995
1396,Swede,Carver,Eurasian watermilfoil,2008
1397,Swede's Bay (DOW 40-0092-03),Le Sueur,Eurasian watermilfoil,2015
1398,Swift Ditch from 500 feet upstream of Highway 12 downstream to Lake of the Woods,Roseau,spiny waterflea,2011
1399,Sybil,Otter Tail,zebra mussel,2016
1400,Sylvan,Cass,zebra mussel,2020
1401,Sylvia,Stearns,Eurasian watermilfoil,2011
1402,Sylvia,Stearns,zebra mussel,2015
1403,Tanager,Hennepin,Eurasian watermilfoil,1999
1404,Tanager,Hennepin,zebra mussel,2012
1405,Ten Mile,Cass,zebra mussel,2019
1406,Ten Mile,Otter Tail,zebra mussel,2017
1407,Tetonka,Le Sueur,Eurasian watermilfoil,2016
1408,Tetonka,Le Sueur,flowering rush,2009
1409,Third Crow Wing,Hubbard,faucet snail,2018
1410,Third River downstream of Highway 33,Itasca,faucet snail,2009
1411,Third River downstream of Highway 33,Itasca,zebra mussel,2013
1412,Third River Flowage,Itasca,faucet snail,2009
1413,Third River Flowage,Itasca,zebra mussel,2013
1414,Thole,Scott,Eurasian watermilfoil,2002
1415,Thomas,Dakota,Eurasian watermilfoil,2012
1416,Thompson,Dakota,Eurasian watermilfoil,2021
1417,Threemile Creek between Otter and Clearwater,Stearns,zebra mussel,2015
1418,Thunder,Cass,starry stonewort,2022
1419,Thunder,Cass,zebra mussel,2022
1420,Tilde,Clay,red swamp crayfish,2016
1421,Torgerson,Douglas,zebra mussel,2022
1422,Town Line,Cass,Eurasian watermilfoil,2009
1423,Trout,Itasca,flowering rush,2015
1424,Trout,Cook,spiny waterflea,2013
1425,Trowbridge,Otter Tail,zebra mussel,2021
1426,Turner,Crow Wing,zebra mussel,2022
1427,Turtle,Ramsey,Eurasian watermilfoil,2000
1428,Turtle,Beltrami,starry stonewort,2016
1429,Turtle,Becker,zebra mussel,2021
1430,Turtle,Douglas,zebra mussel,2014
1431,Turtle,Grant,zebra mussel,2017
1432,Turtle River,Beltrami,starry stonewort,2022
1433,Tustin,Le Sueur,Eurasian watermilfoil,2022
1434,Twin,Hennepin,Eurasian watermilfoil,2007
1435,Twin Lakes,Dakota,Eurasian watermilfoil,1997
1436,Union,Polk,Eurasian watermilfoil,2007
1437,Unnamed,Dakota,Eurasian watermilfoil,2016
1438,Unnamed,Hennepin,Eurasian watermilfoil,2019
1439,Unnamed,Becker,zebra mussel,2019
1440,Unnamed,Becker,zebra mussel,2020
1441,Unnamed,Crow Wing,zebra mussel,2006
1442,Unnamed,Douglas,zebra mussel,2014
1443,Unnamed,Douglas,zebra mussel,2014
1444,Unnamed,Douglas,zebra mussel,2022
1445,Unnamed,Douglas,zebra mussel,2022
1446,Unnamed,Douglas,zebra mussel,2022
1447,Unnamed,Multiple (Stearns and Wright),zebra mussel,2015
1448,Unnamed,Otter Tail,zebra mussel,2021
1449,Unnamed,Otter Tail,zebra mussel,2019
1450,Unnamed,Otter Tail,zebra mussel,2019
1451,Unnamed,Otter Tail,zebra mussel,2018
1452,Unnamed,Wright,zebra mussel,2023
1453,Unnamed (Black Tern Pond),Ramsey,Eurasian watermilfoil,2016
1454,Unnamed (Deer),Wright,zebra mussel,2023
1455,Unnamed (Grace),Carver,Eurasian watermilfoil,2016
1456,Unnamed (Hay),Dakota,flowering rush,2018
1457,Unnamed (Lily Pond),Dakota,Eurasian watermilfoil,2016
1458,Unnamed (Mill Pond),Otter Tail,zebra mussel,2012
1459,Unnamed (Nick's Marsh),Otter Tail,zebra mussel,2019
1460,Unnamed (Schwanz),Dakota,Eurasian watermilfoil,2022
1461,Unnamed creek between Anderson?s Marsh and Pearl,Jackson,bighead carp,2012
1462,Unnamed creek between Anderson?s Marsh and Pearl,Jackson,silver carp,2012
1463,Unnamed creek between Crooked Lake and Houghtaling Creek,Lake,zebra mussel,2014
1464,Unnamed creek between Pearl and Loon ,Jackson,bighead carp,2012
1465,Unnamed creek between Pearl and Loon ,Jackson,silver carp,2012
1466,Unnamed creek between Rush and Anderson?s Marsh,Jackson,bighead carp,2012
1467,Unnamed creek between Rush and Anderson?s Marsh,Jackson,silver carp,2012
1468,Unnamed gravel pit (located in S 1/2 of S14 T41N R21W),Pine,Eurasian watermilfoil,2005
1469,Unnamed gravel pit (located in S16 T108 R20W),Steele,Eurasian watermilfoil,2012
1470,Unnamed lake,Jackson,bighead carp,2012
1471,Unnamed lake,Jackson,bighead carp,2012
1472,Unnamed lake,Jackson,bighead carp,2012
1473,Unnamed Lake,Dakota,flowering rush,2007
1474,Unnamed lake,Jackson,silver carp,2012
1475,Unnamed lake,Jackson,silver carp,2012
1476,Unnamed lake,Jackson,silver carp,2012
1477,Unnamed Lake in Springbrook Nature Center,Anoka,Eurasian watermilfoil,1995
1478,Unnamed lake on Little Sioux River,Jackson,bighead carp,2012
1479,Unnamed lake on Little Sioux River,Jackson,bighead carp,2012
1480,Unnamed lake on Little Sioux River,Jackson,silver carp,2012
1481,Unnamed lake on Little Sioux River,Jackson,silver carp,2012
1482,Unnamed pond,Pope,zebra mussel,2012
1483,Unnamed pond (Valley Pond) in Valley Park,Dakota,Eurasian watermilfoil,2006
1484,Unnamed pond and channel in Sec 35 T135 R 29W,Crow Wing,zebra mussel,2010
1485,Unnamed pond in the NW 1/4 of S14 T117 R22,Hennepin,zebra mussel,2010
1486,Unnamed pond located in S14 and S15 T142 R39W,Becker,faucet snail,2012
1487,Unnamed pond located in S15 T142N R39W,Becker,faucet snail,2012
1488,Unnamed pond located in SE  of SW  of S14 T142 R39W,Becker,faucet snail,2013
1489,Unnamed pond located in SW  of SE  of S15 T142 R39W,Becker,faucet snail,2013
1490,Unnamed pond located in the NE  of NW  of S22 T142N R39W,Becker,faucet snail,2012
1491,Unnamed pond located in the NE  of SE  of S15 T142N R39W,Becker,faucet snail,2012
1492,Unnamed pond located in the NW 1/4 of NE  of S22 T142N R39W ,Becker,faucet snail,2012
1493,Unnamed pond located in the SE  of the SW  of S15 T142N R39W,Becker,faucet snail,2012
1494,Unnamed pond located in the SW  of SW  of S14 T142N R39W,Becker,faucet snail,2012
1495,Unnamed river from the outlet of Irene (21-0076) to Miltona (21-0083),Douglas,zebra mussel,2013
1496,Unnamed river from the outlet of Lake Miltona (21-0083) to Ida (21-0123),Douglas,zebra mussel,2013
1497,Unnamed stream connecting Big Rice Little Rice  Kitchi Pug Hole and Cass Lakes,Beltrami,zebra mussel,2014
1498,Unnamed stream connecting Kitchi Pug Hole and Cass Lakes,Cass,zebra mussel,2014
1499,Unnamed wetland,Hennepin,Eurasian watermilfoil,2000
1500,Unnamed wetland,Scott,Eurasian watermilfoil,2009
1501,Unnamed wetland (Heine Pond),Dakota,Eurasian watermilfoil,2010
1502,Unnamed wetland (located  in the NE 1/4 of the NE 1/4 of S33 T135N R27W),Crow Wing,zebra mussel,2006
1503,Unnamed wetland (located  in the NE 1/4 of the SW 1/4 of S3 T135N R27W),Crow Wing,zebra mussel,2006
1504,Unnamed wetland (located in the NE 1/4 of the NE 1/4 of S33 T31N R22W),Anoka,flowering rush,2007
1505,Unnamed wetland (located in the NE 1/4 of the SE 1/4 of S2 T46N R30W),Crow Wing,zebra mussel,2006
1506,Unnamed wetland (located in the NW 1/4 of the NE 1/4 of S33 T46N R30W),Crow Wing,zebra mussel,2006
1507,Unnamed wetland (Purgatory wetland),Hennepin,brittleleaf naiad,2014
1508,Unnamed wetland along Clearwater River,Stearns,Eurasian watermilfoil,1999
1509,Unnamed wetland connected to Paul Lake (56-0335),Otter Tail,zebra mussel,2013
1510,Unnamed wetland in the E 1/2 of S13 T117N R22W,Hennepin,zebra mussel,2010
1511,Unnamed wetland in the NE 1/4 of S20 T117N R21W,Hennepin,zebra mussel,2010
1512,Unnamed wetland in the NW 1/4 of S19 T117N R21W,Hennepin,zebra mussel,2010
1513,Unnamed wetland in the SE 1/4 of S11 and NE 1/4 of S14 T117N R22W,Hennepin,zebra mussel,2010
1514,Unnamed wetland in the SW 1/4 of S20 T117N R21W,Hennepin,zebra mussel,2010
1515,Unnamed wetland located  in the NE 1/4 of the SW 1/4  of S2 T46N R30W),Crow Wing,zebra mussel,2006
1516,Unnamed wetland located in S 16 T124N R39W,Pope,zebra mussel,2012
1517,Unnamed wetland located in S 20 and 21 T124N R39W,Pope,zebra mussel,2012
1518,Unnamed wetland located in S 20 T124N R39W,Pope,zebra mussel,2012
1519,Unnamed wetland located in S 9 and 16 T124N R39W,Pope,zebra mussel,2012
1520,Unnamed wetland located in S2 T143N R43W,Norman,faucet snail,2013
1521,Unnamed wetland NW 1/4 of S18 T117N R21W,Hennepin,zebra mussel,2010
1522,Upper Bottle,Hubbard,faucet snail,2019
1523,Upper Cormorant,Becker,zebra mussel,2019
1524,Upper Gull,Cass,zebra mussel,2010
1525,Upper Hay,Crow Wing,zebra mussel,2014
1526,Upper Maple,Wright,zebra mussel,2019
1527,Upper Mission,Crow Wing,Eurasian watermilfoil,2008
1528,Upper Pine,Pine,Eurasian watermilfoil,2022
1529,Upper Prior,Scott,Eurasian watermilfoil,2000
1530,Upper Prior,Scott,zebra mussel,2009
1531,Upper Sakatah,LeSueur,Eurasian watermilfoil,2020
1532,Upper Sakatah,Le Sueur,flowering rush,2009
1533,Upper South Long,Crow Wing,Eurasian watermilfoil,2019
1534,Upper South Long,Crow Wing,zebra mussel,2021
1535,Upper Twin,Hubbard,faucet snail,2009
1536,Vadnais ,Ramsey,Eurasian watermilfoil,1995
1537,Vadnais,Ramsey,Eurasian watermilfoil,1995
1538,Vadnais,Ramsey,zebra mussel,2007
1539,Vadnais,Ramsey,zebra mussel,2007
1540,Venstrom,Otter Tail,zebra mussel,2014
1541,Vermilion,St. Louis,spiny waterflea,2015
1542,Victoria,Douglas,Eurasian watermilfoil,2017
1543,Victoria,Douglas,zebra mussel,2009
1544,Villard,Pope,zebra mussel,2020
1545,Virginia,Carver,Eurasian watermilfoil,1995
1546,Virginia,Carver,zebra mussel,2014
1547,Wabasso,Ramsey,Eurasian watermilfoil,1995
1548,Wabonica Creek from 500 feet upstream of State Highway 172 downstream to the Rainy River,Lake of the Woods,spiny waterflea,2007
1549,Waconia,Carver,Eurasian watermilfoil,1995
1550,Waconia,Carver,zebra mussel,2014
1551,Walker,Otter Tail,zebra mussel,2018
1552,Warroad River from 500 feet upstream of Highway 11 downstream to Lake of the Woods,Roseau,spiny waterflea,2007
1553,Washburn,Cass,Eurasian watermilfoil,2009
1554,Washington,Meeker,Eurasian watermilfoil,1999
1555,Washington,Meeker,zebra mussel,2015
1556,Wasserman,Carver,Eurasian watermilfoil,2001
1557,Watab Lake,Stearns,zebra mussel,2014
1558,Watab River from Watab Lake to the Mississippi River,Stearns,zebra mussel,2014
1559,Waverly,Wright,Eurasian watermilfoil,1995
1560,Waverly,Wright,zebra mussel,2021
1561,Weaver,Hennepin,Eurasian watermilfoil,2013
1562,Webster Slough,Murray,zebra mussel,2022
1563,Weigand,Wright,Eurasian watermilfoil,1999
1564,Weigand,Multiple (Stearns and Wright),zebra mussel,2015
1565,Wells,Rice,flowering rush,2007
1566,West Battle,Otter Tail,zebra mussel,2016
1567,West Fork Little Sioux River and its tributaries,Jackson,bighead carp,2012
1568,West Fork Little Sioux River and its tributaries,Jackson,silver carp,2012
1569,West Jefferson (DOW 40-0092-02),Le Sueur,Eurasian watermilfoil,2015
1570,West Lake Sylvia,Wright,starry stonewort,2016
1571,West Lake Sylvia,Wright,zebra mussel,2017
1572,West Lost,Otter Tail,zebra mussel,2017
1573,West McDonald,Otter Tail,zebra mussel,2019
1574,West Silent,Otter Tail,zebra mussel,2021
1575,West Sylvia,Wright,Eurasian watermilfoil,2008
1576,West Twin,St. Louis,spiny waterflea,2010
1577,Whaletail,Hennepin,Eurasian watermilfoil,1997
1578,Whiskey,Douglas,zebra mussel,2017
1579,White Bear,Washington,Eurasian watermilfoil,1995
1580,White Bear,Washington,zebra mussel,2014
1581,White Pine River,St. Louis,zebra mussel,2009
1582,White Sand,Crow Wing,Eurasian watermilfoil,2015
1583,Whitefish ,Crow Wing,zebra mussel,2014
1584,Willmar,Kandiyohi,zebra mussel,2022
1585,Wilmes,Washington,Eurasian watermilfoil,2007
1586,Winnibigoshish,Cass,faucet snail,2009
1587,Winnibigoshish,Cass,faucet snail,2009
1588,Winnibigoshish,Itasca,faucet snail,2009
1589,Winnibigoshish,Itasca and Cass,starry stonewort,2016
1590,Winnibigoshish,Cass,zebra mussel,2013
1591,Winnibigoshish,Cass,zebra mussel,2013
1592,Winnibigoshish,Itasca,zebra mussel,2013
1593,Winona,Winona,Eurasian watermilfoil,2007
1594,Winter Road River from 500 feet upstream of State Highway 172 downstream to the Rainy River,Lake of the Woods,spiny waterflea,2007
1595,Wirth,Hennepin,Eurasian watermilfoil,1997
1596,Wolf,Meeker,Eurasian watermilfoil,2006
1597,Wolf,Beltrami,starry stonewort,2018
1598,Wolf,Beltrami,zebra mussel,2014
1599,Wolfe,Hennepin,Eurasian watermilfoil,2004
1600,Woman,Cass,zebra mussel,2021
1601,Wright,Otter Tail,zebra mussel,2017
1602,Zumbra,Carver,Eurasian watermilfoil,1995
1603,Zumbro,Olmsted,zebra mussel,2000
1604,Zumbro River downstream of Zumbro including 500 feet upstream into its tributaries,Wabasha,zebra mussel,2000
1605,Zumwalde,Stearns,zebra mussel,2018
